,White,Black,WhiteELO,BlackELO,Date,Event,Result,Opening
0,"Polgar, Judit","Topalov, Veselin",2710,2813,2006.12.09,,1-0,B42
1,"Topalov, Veselin","Leko, Peter",2739,2713,2002.04.05,k.o. (rapid),1-0,B45
2,"Topalov, Veselin","Vallejo Pons, Francisco",2757,2686,2005.03.19,,1/2-1/2,D12
3,"Polgar, Judit","Topalov, Veselin",2710,2813,2006.10.23,tourn,1-0,B81
4,"Van Wely, Loek","Topalov, Veselin",2617,2735,2004.03.20,,1/2-1/2,A67
5,"Topalov, Veselin","Caruana, Fabiano",2761,2804,2016.06.12,tourn (blitz),0-1,A13
6,"Morozevich, Alexander","Topalov, Veselin",2723,2700,1999.06.30,,0-1,B80
7,"Topalov, Veselin","Anand, Viswanathan",2777,2798,2008.09.05,tourn,1-0,E15
8,"Barkhagen, Jonas","Topalov, Veselin",,,1990.??.??,,0-1,A56
9,"Sadler, Matthew D","Topalov, Veselin",,,1998.??.??,,1/2-1/2,A46
10,"Topalov, Veselin","Anand, Viswanathan",2804,2803,2006.06.11,tourn,1/2-1/2,C84
11,"Golod, Vitali","Topalov, Veselin",2568,2690,1999.10.30,team,0-1,A43
12,"Topalov, Veselin","Anand, Viswanathan",2725,2765,1997.??.??,rapid,0-1,B90
13,"Aronian, Levon","Topalov, Veselin",2781,2803,2015.12.11,swiss,1-0,A34
14,"Topalov, Veselin","Sion Castro, Marcelino",,,1993.??.??,,1-0,B40
15,"Kramnik, Vladimir","Topalov, Veselin",2743,2813,2006.09.23,match,1-0,E04
16,"Agdestein, Simen","Topalov, Veselin",2622,2784,2014.09.16,tourn,1-0,D38
17,"Topalov, Veselin","Caruana, Fabiano",2749,2808,2017.06.24,tourn (rapid),0-1,A20
18,"Kolev, Atanas","Topalov, Veselin",2500,2670,1993.??.??,,1/2-1/2,A87
19,"Topalov, Veselin","Sokolov, Ivan",2702,2637,2000.05.29,,1/2-1/2,D36
20,"Ding, Liren","Topalov, Veselin",2797,2747,2018.08.14,match,1-0,E01
21,"Topalov, Veselin","Caruana, Fabiano",2803,2787,2015.12.07,swiss,1/2-1/2,C65
22,"Azmaiparashvili, Zurab","Topalov, Veselin",2693,2735,2003.11.29,,1/2-1/2,D14
23,"Topalov, Veselin","Matnadze, Ana",2740,2362,2018.10.25,tourn (rapid),1-0,B12
24,"Van Wely, Loek","Topalov, Veselin",2647,2801,2006.03.21,rapid,0-1,D32
25,"Kortschnoj, Viktor Lvovich","Topalov, Veselin",2635,2750,1996.08.09,,0-1,B50
26,"Topalov, Veselin","Antunes, Ana",2460,2465,1992.??.??,game,1/2-1/2,B36
27,"Adams, Michael","Topalov, Veselin",2707,2801,2006.01.15,tourn,1-0,B85
28,"Topalov, Veselin","Zhang, Zhong",2733,2657,2001.12.02,k.o.,1-0,B90
29,"Svidler, Peter","Topalov, Veselin",2769,2793,2013.05.07,tourn (blitz),1-0,A55
30,"Anand, Viswanathan","Topalov, Veselin",2753,2743,2003.03.27,rapid,1-0,B33
31,"Zhigalko, Sergei","Topalov, Veselin",,,2015.09.14,k.o.,1/2-1/2,B22
32,"Kaspi, Alexander","Topalov, Veselin",,,1991.??.??,,0-1,E11
33,"So, Wesley","Topalov, Veselin",2771,2761,2016.08.10,tourn,1-0,A29
34,"Topalov, Veselin","Vocaturo, Daniele",2735,2617,2021.07.03,,0-1,
35,"Huebner, Robert","Topalov, Veselin",2630,2640,1995.??.??,tourn,1/2-1/2,A39
36,"Topalov, Veselin","Pomar Salamanca, Arturo",,,1992.??.??,,1-0,D61
37,"Topalov, Veselin","Spasov, Vasil",2635,2520,1993.??.??,,1/2-1/2,B33
38,"Topalov, Veselin","Caruana, Fabiano",2772,2791,2014.06.02,tourn (blitz),1/2-1/2,C00
39,"Lautier, Joel","Topalov, Veselin",2625,2700,1998.10.04,,0-1,E42
40,"Topalov, Veselin","Alonso Cantero, Miguel Angel",2745,,1997.??.??,,1-0,A39
41,"Topalov, Veselin","Morovic Fernandez, Ivan",2640,2605,1994.??.??,,1/2-1/2,C90
42,"Topalov, Veselin","Short, Nigel D",2750,2695,1996.07.23,tourn,1/2-1/2,C87
43,"Topalov, Veselin","Aronian, Levon",2774,2801,2013.11.08,team-swiss,1/2-1/2,A29
44,"Topalov, Veselin","Rajkovic, Dusan",,,1990.??.??,,1-0,B47
45,"Topalov, Veselin","Giri, Anish",,,2016.08.12,,1/2-1/2,A20
46,"Topalov, Veselin","Leko, Peter",2700,2694,1999.03.05,,1/2-1/2,C65
47,"Garcia Palermo, Carlos Horacio","Topalov, Veselin",2505,2300,1988.06.22,,1/2-1/2,A48
48,"Topalov, Veselin","Benjamin, Joel",2650,2620,1993.??.??,,1/2-1/2,B48
49,"Gelfand, Boris","Topalov, Veselin",2703,2739,2002.03.18,rapid,1-0,A04
50,"Kramnik, Vladimir","Topalov, Veselin",2758,2702,2000.03.19,tourn (rapid),0-1,A43
51,"Topalov, Veselin","Ciemniak, Robert",,,1991.??.??,,1-0,B32
52,"Topalov, Veselin","Van Wely, Loek",2770,2692,2012.01.15,,1/2-1/2,E81
53,"Karpov, Anatoly","Topalov, Veselin",2710,2700,1999.03.28,tourn (rapid),1/2-1/2,D19
54,"Garcia Roman, Daniel","Topalov, Veselin",2490,2707,2000.08.11,,1/2-1/2,A46
55,"Topalov, Veselin","Harikrishna, Pentala",2741,2755,2017.04.29,,1/2-1/2,C78
56,"Shirov, Alexei","Topalov, Veselin",2697,2745,2002.07.12,,1-0,C42
57,"Van Wely, Loek","Topalov, Veselin",2646,2702,2000.06.22,,0-1,A40
58,"Topalov, Veselin","Vyzmanavin, Alexey",2460,2590,1992.??.??,,1/2-1/2,B33
59,"Vachier Lagrave, Maxime","Topalov, Veselin",2775,2740,2019.07.16,,1/2-1/2,
60,"Kolev, Atanas","Topalov, Veselin",,,1992.??.??,,0-1,A04
61,"Topalov, Veselin","Krysa, Leandro Sergio",2739,2491,2017.01.26,swiss,1/2-1/2,A65
62,"Topalov, Veselin","Malakhatko, Vadim",2757,2571,2004.10.25,,1/2-1/2,A00
63,"Topalov, Veselin","Hamdouchi, Hicham",2650,2455,1993.??.??,swiss,1/2-1/2,C16
64,"Topalov, Veselin","Goebel, Andreas",2725,,1997.??.??,,1-0,A39
65,"Topalov, Veselin","Sebag, Marie",2730,2447,2021.10.29,,1-0,B90
66,"Topalov, Veselin","Karpov, Anatoly",2784,2619,2013.06.06,tourn (rapid),1/2-1/2,B01
67,"Topalov, Veselin","Davidovich Dorfman, Iossif",,,1992.??.??,,1-0,B42
68,"Topalov, Veselin","Kamsky, Gata",2775,2732,2011.05.08,k.o.,1/2-1/2,A16
69,"Polgar, Judit","Topalov, Veselin",2687,2813,2009.08.23,simul,1/2-1/2,C48
70,"Vallejo Pons, Francisco","Topalov, Veselin",,,2012.06.10,swiss,1-0,B90
71,"So, Wesley","Topalov, Veselin",2771,2761,2016.08.11,,*,A20
72,"Gonzalez, Luis","Topalov, Veselin",,2460,1992.??.??,,0-1,D02
73,"Topalov, Veselin","Evdokimov, Alexander A",2769,2544,2007.08.05,swiss (rapid),1-0,A48
74,"Topalov, Veselin","Dreev, Aleksey",2707,2685,2001.05.15,,1/2-1/2,B19
75,"Anand, Viswanathan","Topalov, Veselin",2803,2804,2006.05.18,,0-1,B80
76,"Wesley, George","Topalov, Veselin",2773,2754,2016.06.19,,1-0,B54
77,"Topalov, Veselin","Leko, Peter",2757,2749,2005.??.??,tourn,1/2-1/2,B33
78,"Topalov, Veselin","Piket, Jeroen",2700,2619,1999.03.27,tourn (rapid),1/2-1/2,E01
79,"Topalov, Veselin","Vachier Lagrave, Maxime",2761,2789,2016.06.11,tourn (blitz),1-0,A29
80,"Kortschnoj, Viktor Lvovich","Topalov, Veselin",2625,2700,1998.11.04,tourn,1/2-1/2,E34
81,"Fedorov, Alexei","Topalov, Veselin",2659,2690,1999.12.02,team,1/2-1/2,B90
82,"Topalov, Veselin","Illescas Cordoba, Miguel",2725,2635,1997.04.09,tourn,1-0,E15
83,"Topalov, Veselin","Lautier, Joel",2640,2625,1994.??.??,,1/2-1/2,B47
84,"Parker, Jonathan F","Topalov, Veselin",2325,2495,1990.??.??,,0-1,E20
85,"Topalov, Veselin",Anand V,2793,2783,2013.05.07,blitz,1/2-1/2,A05
86,"Almasi, Zoltan","Topalov, Veselin",2640,2718,2001.03.17,rapid,0-1,B33
87,"Bielczyk, Jacek","Topalov, Veselin",2405,2455,1991.??.??,,1/2-1/2,B85
88,"Topalov, Veselin","Matulovic, Milan",2455,2470,1991.04.??,,1/2-1/2,D20
89,"Salov, Valery","Topalov, Veselin",2665,2725,1997.04.05,,1-0,B07
90,"Topalov, Veselin","Nisipeanu, Liviu Dieter",2769,2668,2007.11.11,,1-0,D20
91,"Topalov, Veselin","Izeta Txabarri, Felix",2635,2505,1993.??.??,,1-0,B07
92,"Topalov, Veselin","Anand, Viswanathan",2760,2779,2016.11.10,tourn,1/2-1/2,A21
93,"Topalov, Veselin","Rublevsky, Sergei",2757,2649,2004.11.02,,0-1,B46
94,"Topalov, Veselin","Gelfand, Boris",2780,2737,2008.01.17,,1-0,C42
95,"Topalov, Veselin","Wesley, George",2740,2762,2019.05.11,,1/2-1/2,A20
96,"Ubilava, Elizbar","Topalov, Veselin",2560,2460,1992.??.??,tourn,1/2-1/2,D10
97,"Bacrot, Etienne","Topalov, Veselin",2717,2801,2006.03.04,tourn,0-1,D11
98,"Topalov, Veselin","Meyer, Armin",2725,,1997.??.??,,1-0,E91
99,"Giri, Anish","Topalov, Veselin",2771,2760,2016.12.16,tourn,1/2-1/2,D37
100,"Leko, Peter","Topalov, Veselin",2694,2700,1999.05.25,tourn,1/2-1/2,B90
101,"Topalov, Veselin","Wojtaszek, Radoslaw",2768,2705,2011.11.05,team-swiss,1/2-1/2,E16
102,"Topalov, Veselin","Aronian, Levon",2772,2815,2014.06.02,blitz,0-1,A07
103,"Kranz, Armin","Topalov, Veselin",,2495,1990.??.??,,0-1,A40
104,"Topalov, Veselin","Anand, Viswanathan",2793,2783,2013.05.07,tourn (blitz),1/2-1/2,A07
105,"Topalov, Veselin","Grigorov, Jordan N",2460,2390,1992.??.??,,0-1,A81
106,"Giri, Anish","Topalov, Veselin",2730,2752,2012.10.03,,0-1,D37
107,"Karpov, Anatoly","Topalov, Veselin",2693,2739,2002.04.07,,1-0,A57
108,"Nakamura, Hikaru","Topalov, Veselin",2780,2749,2017.11.10,match (rapid),1-0,E32
109,"Vallejo Pons, Francisco","Topalov, Veselin",2666,2804,2006.06.10,k.o. (rapid),0-1,B91
110,"Markowski, Tomasz","Topalov, Veselin",2530,2640,1995.??.??,tourn,1/2-1/2,A21
111,"Drasko, Milan","Topalov, Veselin",2545,2640,1994.10.??,,1/2-1/2,A62
112,"Kramnik, Vladimir","Topalov, Veselin",2777,2735,2003.10.25,rapid,1-0,B90
113,"Topalov, Veselin","Ivanchuk, Vassily",2769,2763,2012.11.08,tourn,1/2-1/2,C87
114,"Topalov, Veselin","Nadir, Samir",2768,2199,2016.09.02,team-swiss,1-0,A84
115,"Van Wely, Loek","Topalov, Veselin",2632,2700,1999.03.17,tourn (rapid),0-1,A70
116,"Topalov, Veselin","Dominguez Perez, Leinier",2740,2739,2019.02.22,match (rapid),1-0,C27
117,"Kasimdzhanov, Rustam","Topalov, Veselin",2709,2771,2013.04.21,tourn,1/2-1/2,E94
118,"Topalov, Veselin","Nakamura, Hikaru",2803,2733,2010.09.30,team-swiss,1/2-1/2,D56
119,"Wei, Yi","Topalov, Veselin",2737,2736,2019.05.12,blitz,1/2-1/2,
120,"Todorcevic Antic, Miodrag","Topalov, Veselin",2460,2485,1991.??.??,,1-0,B08
121,"Topalov, Veselin","Ponomariov, Ruslan",2804,2738,2006.05.19,,1-0,C88
122,"Karttunen, Mika","Topalov, Veselin",2423,2813,2015.10.18,team-swiss,0-1,A32
123,"Aronian, Levon","Topalov, Veselin",2744,2783,2007.02.24,tourn,1/2-1/2,D23
124,"Topalov, Veselin","Svidler, Peter",2735,2723,2003.10.28,rapid,0-1,C78
125,"Shirov, Alexei","Topalov, Veselin",2685,2750,1996.07.05,tourn,1/2-1/2,E94
126,"Dolmatov, Sergey","Topalov, Veselin",2630,2650,1993.??.??,,1/2-1/2,B33
127,"Timman, Jan H","Topalov, Veselin",2620,2700,1996.01.22,,1/2-1/2,A31
128,"Topalov, Veselin","Polgar, Judit",2786,2686,????.??.??,,1/2-1/2,A00
129,"Santos Ruiz, Miguel","Topalov, Veselin",2523,2740,2018.10.24,tourn (rapid),1/2-1/2,D11
130,"Polgar, Judit","Topalov, Veselin",2665,2750,1996.07.21,,0-1,B72
131,"Topalov, Veselin","Kramnik, Vladimir",2700,2780,1998.10.28,tourn,1/2-1/2,C42
132,"Topalov, Veselin","Kasparov, Garry",2710,2820,1998.??.??,,1-0,B33
133,"Topalov, Veselin","Yudasin, Leonid",2645,2615,1994.??.??,tourn,1/2-1/2,B14
134,"Ribli, Zoltan","Topalov, Veselin",2610,2650,1993.??.??,,1/2-1/2,A87
135,"Topalov, Veselin","Kramnik, Vladimir",2739,2809,2002.03.16,rapid,1-0,E20
136,"Nisipeanu, Liviu Dieter","Topalov, Veselin",2661,2751,2012.11.09,tourn,1/2-1/2,B22
137,"Karjakin, Sergey","Topalov, Veselin",2556,2735,2003.06.06,k.o. (rapid),0-1,C42
138,"Topalov, Veselin","Dizdarevic, Emir",2707,2501,2001.05.17,,1/2-1/2,B12
139,"Caruana, Fabiano","Topalov, Veselin",2794,2780,2016.03.15,tourn,1/2-1/2,C54
140,"Topalov, Veselin","Jussupow, Artur",2645,2655,1994.12.10,,1/2-1/2,C42
141,"Topalov, Veselin","Kramnik, Vladimir",2741,2811,2017.04.23,,1/2-1/2,D55
142,"Karpov, Anatoly","Topalov, Veselin",2775,2640,1995.??.??,,1/2-1/2,E89
143,"Topalov, Veselin","Caruana, Fabiano",2760,2823,2016.11.13,tourn (rapid),1/2-1/2,D12
144,"Topalov, Veselin","Illescas Cordoba, Miguel",2700,2635,1996.06.01,tourn,1/2-1/2,B33
145,"Topalov, Veselin","Martin Gonzalez, Angel",2460,2435,1992.??.??,,1-0,D34
146,"Anand, Viswanathan","Topalov, Veselin",2795,2700,1998.10.26,tourn,1/2-1/2,B80
147,"Ivanchuk, Vassily","Topalov, Veselin",2717,2718,2001.01.23,,1/2-1/2,E31
148,"Topalov, Veselin","Gicev, Blagoja",2455,2315,1991.??.??,,1/2-1/2,E61
149,"Shirov, Alexei","Topalov, Veselin",2690,2725,1997.04.01,tourn,1/2-1/2,C02
150,"Nakamura, Hikaru","Topalov, Veselin",2779,2760,2016.11.11,tourn,1-0,E35
151,"Topalov, Veselin","Aronian, Levon",,,2016.08.14,,1/2-1/2,C65
152,"Topalov, Veselin","Nisipeanu, Liviu Dieter",2772,2693,2007.05.10,,0-1,B01
153,"Topalov, Veselin","Kamsky, Gata",2772,2705,2007.05.14,,1/2-1/2,E15
154,"Carlier, Bruno","Topalov, Veselin",2395,2460,1992.??.??,,1/2-1/2,B51
155,"De La Villa Garcia, Jesus Maria","Topalov, Veselin",,,1992.??.??,,0-1,C03
156,"Santos Latasa, Jaime","Topalov, Veselin",2639,2730,2021.12.15,,0-1,
157,"Topalov, Veselin","Dominguez Perez, Leinier",2740,2739,2019.02.23,match (blitz),1-0,D55
158,"Topalov, Veselin","Aronian, Levon",2761,2792,2016.06.18,tourn (rapid),1-0,A26
159,"Stohl, Igor","Topalov, Veselin",2560,2460,1992.??.??,,0-1,A87
160,"Topalov, Veselin","Dominguez Perez, Leinier",2740,2739,2019.02.21,match (rapid),1/2-1/2,C42
161,"Caruana, Fabiano","Topalov, Veselin",2823,2760,2016.11.14,tourn (blitz),1-0,B56
162,"Topalov, Veselin","Kramnik, Vladimir",2780,2795,2008.01.22,tourn,1-0,D43
163,"Topalov, Veselin","Georgiev, Kiril Malinov",2771,2664,2013.10.22,,1-0,E21
164,"Topalov, Veselin","Armbruster, Manuel",2725,,1997.??.??,,1-0,B76
165,"Zhigalko, Sergei","Topalov, Veselin",2678,2772,2014.08.14,team-swiss,1/2-1/2,B52
166,"Garcia Jimenez, Kevin","Topalov, Veselin",2297,2777,2008.08.02,rapid,0-1,B10
167,"Radjabov, Teimour","Topalov, Veselin",2756,2740,2019.04.07,tourn,1/2-1/2,C45
168,"Topalov, Veselin","Moroder, Mainhard",2725,,1997.??.??,,1-0,D33
169,"Topalov, Veselin","Sokolov, Ivan",2801,2689,2006.01.21,tourn,1-0,C78
170,"Topalov, Veselin","Dardha, Daniel",2730,2527,2021.10.30,,1/2-1/2,B30
171,"Morozevich, Alexander","Topalov, Veselin",2745,2718,2001.01.26,tourn,1/2-1/2,B36
172,"Stohl, Igor","Topalov, Veselin",2560,2520,1992.??.??,,0-1,A87
173,"Topalov, Veselin","Adams, Michael",2813,2682,2009.10.24,team-swiss,1-0,C95
174,"Laznicka, Viktor","Topalov, Veselin",2677,2769,2013.09.20,match,1-0,A29
175,"Morozevich, Alexander","Topalov, Veselin",2678,2743,2003.03.26,rapid,0-1,B12
176,"Topalov, Veselin","Reinderman, Dimitri",2700,2542,1999.01.18,,1-0,A81
177,"Topalov, Veselin","Ponomariov, Ruslan",2771,2733,2013.04.25,,1/2-1/2,E52
178,"Topalov, Veselin","Stefansson, Hannes",2800,2573,2015.01.30,swiss,1-0,C65
179,"Bareev, Evgeny","Topalov, Veselin",2726,2745,2002.07.13,match,0-1,A67
180,"Svidler, Peter","Topalov, Veselin",2727,2791,2008.12.20,tourn,0-1,B12
181,"Timman, Jan H","Topalov, Veselin",,,1998.??.??,blitz,0-1,C02
182,"Borisovich Tukmakov, Vladimir","Topalov, Veselin",,,1995.??.??,,0-1,D74
183,"Topalov, Veselin","Vyzmanavin, Alexey",2645,2610,1994.??.??,,1-0,E17
184,"Topalov, Veselin","Kramnik, Vladimir",2772,2783,2014.06.02,tourn (blitz),1/2-1/2,A00
185,"Topalov, Veselin","Wojtaszek, Radoslaw",2813,2734,2015.10.23,team-swiss,1-0,B90
186,"Topalov, Veselin","Morovic Fernandez, Ivan",2460,2565,1992.??.??,,1-0,B80
187,"Topalov, Veselin","Karpov, Anatoly",,,1995.??.??,rapid,0-1,B17
188,"Topalov, Veselin","Kasparov, Garry",2750,2785,1996.??.??,,0-1,E11
189,"Korobov, Anton","Topalov, Veselin",2715,2784,2013.06.06,rapid,0-1,E59
190,"Nakamura, Hikaru","Topalov, Veselin",,,2015.??.??,swiss,1-0,B51
191,"Aronian, Levon","Topalov, Veselin",2792,2761,2016.06.10,tourn (rapid),1-0,A09
192,"Kramnik, Vladimir","Topalov, Veselin",2740,2725,1997.??.??,tourn (rapid),1/2-1/2,E65
193,"Topalov, Veselin","Timman, Jan H",2700,2655,1998.10.11,,0-1,B17
194,"Moreno Carnero, Javier","Topalov, Veselin",2500,2778,2005.06.04,,1/2-1/2,C67
195,"Campos Moreno, Javier B","Topalov, Veselin",2505,2460,1992.??.??,swiss,0-1,A57
196,"Topalov, Veselin","Kramnik, Vladimir",2757,2754,2005.03.21,,1/2-1/2,E32
197,"Topalov, Veselin","Anand, Viswanathan",2783,2779,2007.02.17,tourn,1/2-1/2,E15
198,"Topalov, Veselin","Carlsen, Magnus",2754,2851,2016.04.20,tourn,1/2-1/2,D35
199,"Topalov, Veselin","Leko, Peter",2635,2465,1993.??.??,,1/2-1/2,A39
200,"Topalov, Veselin","Karpov, Anatoly",2725,2760,1997.??.??,tourn (rapid),1/2-1/2,A29
201,"Topalov, Veselin","Adams, Michael",2780,2726,2008.01.27,,1/2-1/2,C78
202,"Ponomariov, Ruslan","Topalov, Veselin",2695,2778,2005.05.16,tourn,1-0,E06
203,"Topalov, Veselin","Anand, Viswanathan",2718,2790,2001.01.22,tourn,1/2-1/2,C78
204,"Bareev, Evgeny","Topalov, Veselin",2725,2740,2003.??.??,,*,E34
205,"Topalov, Veselin","Tomashevsky, Evgeny",2784,2709,2013.06.07,tourn (rapid),1-0,C84
206,"Topalov, Veselin","Gelfand, Boris",2750,2665,1996.07.30,tourn,1/2-1/2,E97
207,"Topalov, Veselin","Movsesian, Sergei",2702,2668,2000.05.23,tourn,1/2-1/2,E94
208,"Na, Na","Topalov, Veselin",,,2005.10.04,tourn,0-1,C67
209,"Harikrishna, Pentala","Topalov, Veselin",2763,2754,2016.04.18,tourn (blitz),1-0,B13
210,"Vallejo Pons, Francisco","Topalov, Veselin",2663,2735,2004.02.28,tourn,1/2-1/2,B33
211,"Ivanchuk, Vassily","Topalov, Veselin",2751,2780,2008.03.27,tourn (rapid),1-0,B13
212,"Topalov, Veselin","Nakamura, Hikaru",2749,2780,2017.11.11,match (blitz),1/2-1/2,B80
213,"Topalov, Veselin","Antunes, Antonio",,,1992.??.??,,1/2-1/2,
214,"Sokolov, Ivan","Topalov, Veselin",2610,2700,1999.01.18,,1-0,B06
215,"Strikovic, Aleksa","Topalov, Veselin",,,1988.??.??,,0-1,B22
216,"Topalov, Veselin","Kasparov, Garry",2645,2805,1994.12.06,,1-0,B81
217,"Topalov, Veselin","Leko, Peter",2745,2722,2002.07.21,,1/2-1/2,E27
218,"Morovic Fernandez, Ivan","Topalov, Veselin",2535,2455,1991.??.??,,1/2-1/2,B25
219,"Na, Na","Topalov, Veselin",,,1988.??.??,,0-1,B92
220,"Topalov, Veselin","Gashimov, Vugar",2803,2719,2010.10.20,,1/2-1/2,D16
221,"Topalov, Veselin","Wojtaszek, Radoslaw",2772,2735,2014.08.12,team-swiss,1-0,B90
222,"Roa Alonso, Santiago","Topalov, Veselin",2358,2707,2000.08.19,rapid,0-1,A75
223,"Topalov, Veselin","Carlsen, Magnus",2761,2855,2016.06.19,tourn (blitz),0-1,B90
224,"Topalov, Veselin","Karpova, Anna",2750,2775,1996.08.13,,1/2-1/2,A17
225,"Gelfand, Boris","Topalov, Veselin",2738,2752,2012.07.09,blitz,1/2-1/2,A28
226,"Caruana, Fabiano","Topalov, Veselin",2804,2761,2016.06.19,tourn (blitz),0-1,B90
227,"Yermolinsky, Alex","Topalov, Veselin",2597,2700,1999.01.18,,0-1,D59
228,"Topalov, Veselin","Shakirov, A.",2733,2706,2001.12.05,,1/2-1/2,C42
229,"Topalov, Veselin","Polgar, Judit",2725,2645,1997.02.05,tourn,1/2-1/2,B48
230,"Dominguez Perez, Leinier","Topalov, Veselin",2739,2740,2019.02.20,match (rapid),1/2-1/2,C45
231,"Topalov, Veselin","Kasparov, Garry",2725,2795,1997.06.12,,1/2-1/2,B97
232,"Topalov, Veselin","Ivanchuk, Vassily",2718,2717,2001.03.24,rapid,1/2-1/2,C92
233,"Topalov, Veselin","Karpov, Anatoly",2750,2775,1996.08.15,,1/2-1/2,A17
234,"Topalov, Veselin","Yermolinsky, Alex",2750,2610,1996.09.28,team-swiss,1/2-1/2,D67
235,"Bluvshtein, Mark","Topalov, Veselin",2583,2803,2010.09.28,team-swiss,1-0,E90
236,"Topalov, Veselin","Dreev, Aleksey",2700,2670,1996.04.28,,0-1,C13
237,"Dorfman, Iossif","Topalov, Veselin",2605,2460,1992.??.??,tourn,1/2-1/2,E68
238,"Felix Junior, Marcelo Jose","Topalov, Veselin",,,1992.??.??,,0-1,E80
239,"Topalov, Veselin","Nakamura, Hikaru",2749,2780,2017.11.11,match (blitz),0-1,D37
240,"Topalov, Veselin","Polgar, Judit",2635,2595,1993.??.??,,1-0,B81
241,"Topalov, Veselin","Van Wely, Loek",2702,2646,2000.03.26,rapid,1/2-1/2,B80
242,"Topalov, Veselin","Skembris, Spyridon",2520,2520,1992.??.??,,1/2-1/2,C47
243,"Topalov, Veselin","Mamedyarov, Shakhriyar",2780,2760,2008.01.25,,1/2-1/2,E92
244,"Iordachescu, Viorel","Topalov, Veselin",2614,2774,2013.11.02,tourn (rapid),1/2-1/2,B51
245,"Shakirov, A.","Topalov, Veselin",2685,2750,1996.08.13,,0-1,E92
246,"Arenas, David","Topalov, Veselin",2490,2768,2016.09.06,,0-1,B22
247,"Bareev, Evgeny","Topalov, Veselin",2726,2745,2002.07.15,match,1-0,E97
248,"Topalov, Veselin","Massoni, Michael",2757,,2004.10.25,tourn (blitz),1-0,A39
249,"Kamsky, Gata","Topalov, Veselin",2725,2796,2009.02.24,match,1/2-1/2,B12
250,"Topalov, Veselin","Radjabov, Teimour",2793,2745,2013.05.09,tourn,1/2-1/2,B30
251,"Topalov, Veselin","Ivanchuk, Vassily",2700,2714,1999.01.24,,1/2-1/2,B80
252,"Topalov, Veselin","Macieja, Bartlomiej",2743,2629,2003.03.05,swiss (rapid),1/2-1/2,C42
253,"Topalov, Veselin","Hou, Yifan",2736,2659,2019.11.30,,0-1,
254,"Bacrot, Etienne","Topalov, Veselin",2649,2739,2002.04.08,k.o. (rapid),0-1,A29
255,"Kasimdzhanov, Rustam","Topalov, Veselin",2652,2737,2004.07.05,k.o.,1-0,B40
256,"Topalov, Veselin","Nikolic, Predrag",2645,2655,1994.12.16,,1/2-1/2,C19
257,"Topalov, Veselin","Lupulescu, Constantin",2772,2625,2014.08.05,team-swiss,1-0,C11
258,"Topalov, Veselin","Magem Badals, Jordi",,,1995.??.??,,1/2-1/2,B14
259,"Ivanchuk, Vassily","Topalov, Veselin",2729,2801,2006.02.23,,0-1,D15
260,"Topalov, Veselin","Moreira Romero, Jairo",2745,2180,1997.??.??,,0-1,D38
261,"Chernin, Alexander","Topalov, Veselin",2600,2475,1990.??.??,,1/2-1/2,A40
262,"Agdestein, Simen","Topalov, Veselin",2628,2772,2014.06.02,tourn (blitz),1-0,E70
263,"Ivanchuk, Vassily","Topalov, Veselin",2725,2745,1997.07.07,tourn,1/2-1/2,B23
264,"Ivanisevic, Ivan","Topalov, Veselin",2619,2774,2013.11.01,tourn (rapid),0-1,E61
265,"Topalov, Veselin","Lautier, Joel",2700,2630,1996.03.30,match,1-0,D28
266,"Polgar, Judit","Topalov, Veselin",2710,2813,2006.12.07,,1/2-1/2,B33
267,"Topalov, Veselin","Aronian, Levon",2767,2763,2008.05.14,tourn,1-0,D47
268,"Topalov, Veselin","Arnaiz Yanes, Miguel Angel",2745,,1997.??.??,,1-0,A39
269,"Topalov, Veselin","Shirov, Alexei",2725,2690,1997.??.??,,1/2-1/2,C78
270,"Topalov, Veselin","Bacrot, Etienne",2739,2649,2002.04.08,,1/2-1/2,D13
271,"Polgar, Judit","Topalov, Veselin",2645,2725,1997.04.10,tourn,1/2-1/2,C78
272,"Topalov, Veselin","Luther, Thomas",2475,2385,1990.??.??,,1/2-1/2,E32
273,"Chadaev, Nikolai","Topalov, Veselin",2580,2752,2012.07.09,tourn (blitz),1-0,B27
274,"Caruana, Fabiano","Topalov, Veselin",2808,2749,2017.06.25,tourn (rapid),0-1,B34
275,"Morozevich, Alexander","Topalov, Veselin",2721,2801,2006.03.26,rapid,1-0,E16
276,"Topalov, Veselin","Cheparinov, Ivan",2738,2686,2020.01.25,,1/2-1/2,C50
277,"Anand, Viswanathan","Topalov, Veselin",2784,2700,1999.01.31,,1-0,B90
278,"Carlsen, Magnus","Topalov, Veselin",2832,2749,2017.06.24,tourn (rapid),1-0,D02
279,"Salimova, Nurgyul","Topalov, Veselin",2397,2735,2021.02.06,,1/2-1/2,A50
280,"Carlsen, Magnus","Topalov, Veselin",2877,2772,2014.08.30,tourn,1/2-1/2,E21
281,"Topalov, Veselin","Quinn, Mark",2768,2398,2011.10.03,simul,1-0,B48
282,"Moutousis, Konstantinos","Topalov, Veselin",,,1993.??.??,,0-1,B23
283,"Olafsson, Helgi","Topalov, Veselin",2475,2743,2003.03.04,rapid,1-0,B22
284,"Kasparov, Garry","Topalov, Veselin",2805,2630,1995.05.17,tourn,1-0,B76
285,"Grischuk, Alexander","Topalov, Veselin",2761,2749,2017.06.25,tourn (rapid),1-0,B90
286,"Topalov, Veselin","Ivanchuk, Vassily",2791,2786,2008.12.19,tourn,1-0,B45
287,"Piket, Jeroen","Topalov, Veselin",,,1997.??.??,,1/2-1/2,A59
288,"Topalov, Veselin","Kramnik, Vladimir",2700,2751,1999.03.02,tourn,1/2-1/2,C42
289,"Rapport, Richard","Topalov, Veselin",2759,2735,2020.12.08,,1-0,A04
290,"Shakirov, A.","Topalov, Veselin",2690,2725,1997.06.01,game,1/2-1/2,C88
291,"Polgar, Judit","Topalov, Veselin",2700,2740,2003.??.??,,1/2-1/2,B33
292,"Topalov, Veselin","Kasparov, Garry",2630,2805,1995.05.30,,0-1,B80
293,"Topalov, Veselin","Psakhis, Lev",2690,2581,1999.08.06,,1-0,A30
294,"Zvjaginsev, Vadim","Topalov, Veselin",2585,2630,1994.??.??,tourn,1-0,A57
295,"Topalov, Veselin","Ionescu, Constantin",2640,2440,1994.??.??,,0-1,A46
296,"Yu, Yang","Topalov, Veselin",2736,2813,2009.10.08,,1/2-1/2,E92
297,"Kamsky, Gata","Topalov, Veselin",2695,2640,1994.??.??,,1/2-1/2,A34
298,"Iruzubieta Villaluenga, Jesus M","Topalov, Veselin",2310,2455,1991.??.??,tourn,0-1,C16
299,"Polgar, Judit","Topalov, Veselin",2677,2700,1999.07.02,,0-1,B90
300,"Topalov, Veselin","Jussupow, Artur",2700,2640,1998.10.10,,1/2-1/2,D37
301,"Ju, Wenjun","Topalov, Veselin",2547,2800,2015.02.03,swiss,0-1,D43
302,"Topalov, Veselin","Panbukchian, Valentin",2395,2215,1989.??.??,tourn,1-0,E11
303,"Topalov, Veselin","Espinola Martin, Maria Jose",2745,,1997.??.??,,1/2-1/2,B85
304,"Naiditsch, Arkadij","Topalov, Veselin",2712,2768,2011.11.07,,0-1,A22
305,"Bacrot, Etienne","Topalov, Veselin",2716,2803,2010.10.21,tourn,1/2-1/2,E13
306,"Topalov, Veselin","Mitkov, Nikola",2455,2370,1991.??.??,,1/2-1/2,C89
307,"Topalov, Veselin","Bu, Xiangzhi",2767,2708,2008.05.12,tourn,1-0,D19
308,"Topalov, Veselin","Dolmatov, Sergey",2670,2615,1995.??.??,,1/2-1/2,E76
309,"Leko, Peter","Topalov, Veselin",2555,2630,1995.??.??,,1-0,B93
310,"Sasikiran, Krishnan","Topalov, Veselin",2690,2772,2007.05.13,tourn,0-1,E92
311,"Leko, Peter","Topalov, Veselin",2740,2801,2006.01.29,tourn,1/2-1/2,B91
312,"Topalov, Veselin","Radjabov, R.",2752,2788,2012.07.09,blitz,1/2-1/2,B31
313,"Topalov, Veselin","Bonnaire, M.",2725,,1997.??.??,,1-0,D06
314,"Topalov, Veselin","Svidler, Peter",2816,2727,2015.09.21,,1/2-1/2,C84
315,"Topalov, Veselin","Leko, Peter",2783,2749,2007.02.19,tourn,1/2-1/2,E15
316,"Gelfand, Boris","Topalov, Veselin",2700,2700,1996.01.20,,1/2-1/2,E98
317,"Topalov, Veselin","Chemli, Farid",2460,,1992.??.??,swiss,1-0,A01
318,"Anand, Viswanathan","Topalov, Veselin",2786,2772,2007.07.08,k.o. (rapid),1-0,B84
319,"Topalov, Veselin","Anand, Viswanathan",2725,2765,1997.??.??,tourn (rapid),1/2-1/2,D20
320,"Topalov, Veselin","Gelfand, Boris",2735,2703,2003.10.26,match (blitz),1/2-1/2,D43
321,"Spangenberg, Hugo","Topalov, Veselin",2305,2460,1992.??.??,,1/2-1/2,A41
322,"Topalov, Veselin","Carlsen, Magnus",2772,2877,2014.09.06,tourn,1/2-1/2,C67
323,"Comas Fabrego, Lluis","Topalov, Veselin",2490,2645,1994.??.??,tourn,0-1,A59
324,"Karpov, Anatoly","Topalov, Veselin",2745,2745,1997.07.10,tourn,1/2-1/2,D78
325,"Topalov, Veselin","Adams, Michael",2635,2630,1993.??.??,,1-0,A29
326,"Topalov, Veselin","Kasparov, Garry",2740,2825,1998.03.07,,1/2-1/2,D85
327,"Topalov, Veselin","Ivanchuk, Vassily",2796,2779,2009.03.21,tourn (rapid),1/2-1/2,E04
328,"Topalov, Veselin","Polgar, Zsuzsa",2635,2560,1993.??.??,,1-0,C19
329,"Topalov, Veselin","Kasparov, Garry",2702,2851,2000.05.20,tourn,1/2-1/2,E07
330,"Topalov, Veselin","Aronian, Levon",2798,2780,2015.06.15,,0-1,C53
331,"Topalov, Veselin","Huebner, Robert",2700,2635,1996.01.21,,1-0,B48
332,"Karpov, Anatoly","Topalov, Veselin",,,1998.??.??,,1-0,A34
333,"Topalov, Veselin","Salimova, Nurgyul",2730,2364,2021.10.31,,1-0,C55
334,"Morozevich, Alexander","Topalov, Veselin",2771,2796,2009.03.17,tourn (rapid),1-0,E36
335,"Topalov, Veselin","Karpov, Anatoly",2700,2710,1999.04.07,tourn,1/2-1/2,D37
336,"Topalov, Veselin","Populoh, Sascha",2725,,1997.??.??,,1-0,E90
337,"Aronian, Levon","Topalov, Veselin",2744,2783,2007.01.23,tourn,1/2-1/2,A29
338,"Shirov, Alexei","Topalov, Veselin",2706,2733,2001.12.05,k.o.,1/2-1/2,B77
339,"Topalov, Veselin","Kramnik, Vladimir",2700,2750,1999.??.??,,1/2-1/2,C42
340,"Topalov, Veselin","Short, Nigel D",2745,2660,1997.07.09,tourn,1/2-1/2,B43
341,"Ljubojevic, Ljubomir","Topalov, Veselin",2559,2702,2000.03.28,tourn (rapid),1-0,D46
342,"Topalov, Veselin","Desbonnes, Samy",,,1990.??.??,,1-0,B72
343,"Vachier Lagrave, Maxime","Topalov, Veselin",2731,2816,2015.08.28,tourn,1-0,C67
344,"Topalov, Veselin","Wesley, George",2741,2822,2017.06.25,,0-1,A10
345,"Topalov, Veselin","Vallejo Pons, Francisco",2752,2697,2012.06.09,match (rapid),1-0,C14
346,"Topalov, Veselin","Bareev, Evgeny",2739,2707,2002.02.26,tourn,1/2-1/2,C10
347,"Topalov, Veselin","Anand, Viswanathan",2804,2803,2006.06.11,tourn,1/2-1/2,A30
348,"Sokolov, Ivan","Topalov, Veselin",2625,2520,1992.??.??,,1-0,A21
349,"Topalov, Veselin","Campora, Daniel H",2707,2526,2000.08.06,,1-0,D37
350,"Topalov, Veselin","Svidler, Peter",2740,2690,1998.02.25,,1/2-1/2,D85
351,"Topalov, Veselin","Morovic Fernandez, Ivan",2460,2565,1992.??.??,,1/2-1/2,C42
352,"Gelfand, Boris","Topalov, Veselin",2685,2640,1994.??.??,,1-0,A89
353,"Kramnik, Vladimir","Topalov, Veselin",2751,2700,1999.02.21,,1/2-1/2,D41
354,"Mamedyarov, Shakhriyar","Topalov, Veselin",2757,2785,2014.03.13,tourn,1/2-1/2,D70
355,"Topalov, Veselin","Kozul, Zdenko",2737,2627,2004.06.27,,1-0,B67
356,"Topalov, Veselin","Anand, Viswanathan",2735,2766,2003.11.03,k.o. (rapid),1/2-1/2,E37
357,"Ljubojevic, Ljubomir","Topalov, Veselin",2548,2739,2002.03.24,rapid,0-1,A33
358,"Svidler, Peter","Topalov, Veselin",2749,2752,2012.07.09,tourn (blitz),1/2-1/2,B50
359,"Kramnik, Vladimir","Topalov, Veselin",2743,2813,2006.09.26,match,1/2-1/2,E02
360,"Kasimdzhanov, Rustam","Topalov, Veselin",2677,2772,2007.07.07,,0-1,E81
361,"Topalov, Veselin","Schmalfuss, Konrad",2725,,1997.??.??,,1-0,C02
362,"Topalov, Veselin","Romero Holmes, Alfonso",2460,2490,1992.??.??,,0-1,A65
363,"Topalov, Veselin","Carlsen, Magnus",2803,2826,2010.10.29,tourn,0-1,E00
364,"Topalov, Veselin","Anand, Viswanathan",2775,2817,2011.03.12,tourn (rapid),1/2-1/2,D57
365,"Topalov, Veselin","Gelfand, Boris",2725,2700,1997.06.20,,0-1,A29
366,"So, Wesley","Topalov, Veselin",2771,2761,2016.08.10,tourn,1-0,A29
367,"Agdestein, Simen","Topalov, Veselin",2628,2772,2014.06.12,,0-1,A29
368,"Topalov, Veselin","Vachier Lagrave, Maxime",2772,2768,2014.08.31,tourn,1-0,B90
369,"Dreev, Alexey","Topalov, Veselin",2670,2700,1996.??.??,,1-0,D66
370,"Topalov, Veselin","Karpov, Anatoly",2630,2780,1995.??.??,,0-1,D42
371,"Topalov, Veselin","Vachier Lagrave, Maxime",2740,2775,2019.07.15,,0-1,
372,"Lutz, Christopher","Topalov, Veselin",2580,2645,1994.??.??,,1-0,B70
373,"Topalov, Veselin Aleksandrov","Dutreeuw, Marc",2707,2402,2000.10.28,team-swiss,1-0,C42
374,"Eljanov, Pavel","Topalov, Veselin",2765,2754,2016.04.23,tourn,1/2-1/2,D59
375,"Topalov, Veselin","Leopoldo Leskovar, Mario",,,1992.??.??,,1-0,B07
376,"Morozevich, Alexander","Topalov, Veselin",2770,2752,2012.07.09,blitz,1/2-1/2,E70
377,"Topalov, Veselin","Nakamura, Hikaru",2749,2780,2017.11.12,match (blitz),0-1,E97
378,"Piket, Jeroen","Topalov, Veselin",2630,2745,1997.12.12,,1-0,D39
379,"Oparin, Grigoriy","Topalov, Veselin",2654,2735,2021.06.30,,1/2-1/2,
380,"Adams, Michael","Topalov, Veselin",2719,2788,2005.07.08,tourn,1-0,C43
381,"Dardha, Daniel","Topalov, Veselin",2525,2730,2021.11.04,,1/2-1/2,B23
382,"Topalov, Veselin","Gelfand, Boris",2752,2738,2012.07.10,blitz,1-0,B90
383,"Karpov, Anatoly","Topalov, Veselin",2644,2813,2009.08.23,,1/2-1/2,A30
384,"Movsesian, Sergei","Topalov, Veselin",2732,2791,2008.12.14,tourn,1/2-1/2,B52
385,"Nakamura, Hikaru","Topalov, Veselin",2780,2749,2017.11.12,match (blitz),1-0,A11
386,"Topalov, Veselin","Karpov, Anatoly",2769,2670,2007.11.09,,1/2-1/2,E13
387,"Danailov, Silvio","Topalov, Veselin",,,1992.??.??,,0-1,C78
388,"Topalov, Veselin","Laznicka, Viktor",2769,2677,2013.09.21,match,1/2-1/2,D24
389,"Topalov, Veselin","Bareev, Evgeny",2745,2726,2002.07.16,match,1-0,B12
390,"Topalov, Veselin","Nakamura, Hikaru",2784,2782,2014.09.18,tourn,1-0,E97
391,"Cheparinov, Ivan","Topalov, Veselin",,,2017.01.28,,1/2-1/2,D70
392,"Topalov, Veselin","Ponomariov, Ruslan",,,1999.??.??,,1/2-1/2,A15
393,"Shirov, Alexei","Topalov, Veselin",2736,2735,2004.02.21,tourn,1/2-1/2,E11
394,"Dominguez Perez, Leinier","Topalov, Veselin",2739,2740,2019.02.23,match (blitz),1/2-1/2,D04
395,"Topalov, Veselin","Nielsen, Peter Heine",2801,2644,2006.03.20,tourn (rapid),1-0,A34
396,"Short, Nigel D","Topalov, Veselin",2655,2630,1995.03.02,,0-1,B78
397,"Reinderman, Dimitri","Topalov, Veselin",,,1988.07.??,,1-0,B23
398,"Topalov, Veselin","Anand, Viswanathan",2743,2753,2003.03.27,rapid,1/2-1/2,C65
399,"Topalov, Veselin","Tsorbatzoglou, Theodoros",2475,2250,1990.10.??,,1-0,A00
400,"Ding, Liren","Topalov, Veselin",2786,2736,2019.05.11,blitz,1-0,
401,"Caruana, Fabiano","Topalov, Veselin",2804,2761,2016.06.11,tourn (blitz),1-0,D73
402,"Topalov, Veselin","Vallejo Pons, Francisco",2772,2698,2014.08.04,team-swiss,1-0,A85
403,"Topalov, Veselin","Tsorbatzoglou, Theodoros",,,1988.07.??,,1-0,A43
404,"Van Wely, Loek","Topalov, Veselin",2647,2801,2006.01.17,,0-1,D15
405,"Radjabov, Teimour","Topalov, Veselin",2710,2741,2017.04.28,tourn,1/2-1/2,B87
406,"Topalov, Veselin","Korfmacher, Lubinko",2725,,1997.??.??,,1-0,E11
407,"Stefansson, Hannes","Topalov, Veselin",2470,2460,1989.12.28,,1/2-1/2,C16
408,"Svidler, Peter","Topalov, Veselin",2765,2801,2006.02.18,tourn,1-0,C67
409,"Leko, Peter","Topalov, Veselin",2736,2743,2003.03.20,rapid,1/2-1/2,B33
410,"Topalov, Veselin","Miladinovic, Igor",,,1990.??.??,,1-0,B46
411,"Kozul, Zdenko","Topalov, Veselin",2609,2769,2007.10.31,,0-1,E08
412,"Topalov, Veselin","Bareev, Evgeny",2739,2707,2002.03.28,rapid,1-0,C11
413,"Topalov, Veselin","Kolev, Atanas",2460,2445,1992.??.??,,1/2-1/2,E15
414,"Leko, Peter","Topalov, Veselin",2762,2813,2009.10.06,tourn,0-1,D72
415,"Topalov, Veselin","Kramnik, Vladimir",2735,2777,2004.03.05,tourn,1/2-1/2,B30
416,"Tosic, Miroslav","Topalov, Veselin",,,1991.??.??,,0-1,B84
417,"Kasimdzhanov, Rustam","Topalov, Veselin",2670,2788,2005.10.13,,1/2-1/2,C67
418,"Wang, Hao","Topalov, Veselin",2763,2735,2020.12.04,,1-0,E32
419,"Miladinovic, Igor","Topalov, Veselin",2555,2700,1998.10.12,,0-1,E94
420,"Hammer, Jon Ludvig","Topalov, Veselin",2608,2793,2013.05.07,tourn (blitz),1/2-1/2,A55
421,"Anand, Viswanathan","Topalov, Veselin",,,2005.10.08,,1/2-1/2,C65
422,"Topalov, Veselin","Manolov, Ivan",,,1992.??.??,,1-0,A56
423,"Topalov, Veselin","Ciemniak, Robert",,,1991.??.??,,1-0,B32
424,"Nikolic, Predrag","Topalov, Veselin",2633,2700,1999.03.22,tourn (rapid),1/2-1/2,A64
425,"Topalov, Veselin","Karjakin, Sergey",2739,2460,2002.04.03,k.o. (rapid),1-0,B51
426,"Topalov, Veselin","Le, Quang Liem",2752,2693,2012.07.09,tourn (blitz),0-1,D78
427,"Topalov, Veselin","Gelfand, Boris",2740,2675,1998.02.01,,1/2-1/2,B97
428,"Delchev, Aleksander","Topalov, Veselin",2360,2455,1991.??.??,,1/2-1/2,E60
429,"Fressinet, Laurent","Topalov, Veselin",2687,2761,2016.06.12,tourn (blitz),1/2-1/2,D02
430,"Nakamura, Hikaru","Topalov, Veselin",2790,2780,2016.03.19,tourn,1-0,D12
431,"Topalov, Veselin","Skripchenko, Almira",2707,2227,2021.02.03,,1-0,
432,"Topalov, Veselin","Mamedyarov, Shakhriyar",2749,2814,2018.04.22,tourn,1-0,C83
433,"Graf, Alexander","Topalov, Veselin",2646,2735,2003.11.28,tourn (rapid),1/2-1/2,E46
434,"Anand, Viswanathan","Topalov, Veselin",,,2005.??.??,,1-0,
435,"Svidler, Peter","Topalov, Veselin",2713,2700,1999.07.01,,0-1,B90
436,"Sutovsky, Emil","Topalov, Veselin",2674,2788,2005.07.15,tourn,1/2-1/2,B82
437,"Topalov, Veselin","Timman, Jan H",2700,2649,1999.01.18,,1/2-1/2,E17
438,"Vega Gutierrez, Sabrina","Topalov, Veselin",2392,2735,2021.02.04,,1/2-1/2,B23
439,"Topalov, Veselin","Dominguez Perez, Leinier",2740,2739,2019.02.23,match (blitz),0-1,D28
440,"Topalov, Veselin","Lobron, Eric",2725,2570,1997.??.??,,1/2-1/2,A96
441,"Dimitrov Georgiev, Kiril","Topalov, Veselin",2661,2707,2000.12.03,,0-1,B84
442,"Luther, Thomas","Topalov, Veselin",2410,2460,1989.12.30,,1-0,B99
443,"Topalov, Veselin","Vallejo Pons, Francisco",2757,2686,2005.02.28,tourn,1-0,B90
444,"Leko, Peter","Topalov, Veselin",2722,2735,2004.02.23,tourn,1/2-1/2,B90
445,"Topalov, Veselin","Gelfand, Boris",2813,2741,2015.10.20,,1/2-1/2,B33
446,"Topalov, Veselin","Ding, Liren",2747,2797,2018.08.13,match,1/2-1/2,E21
447,"Svidler, Peter","Topalov, Veselin",2690,2740,1998.03.06,,1-0,C67
448,"Leko, Peter","Topalov, Veselin",2710,2735,2002.??.??,,1-0,C42
449,"Topalov, Veselin","Dege, Carsten",2725,,1997.??.??,,1-0,D00
450,"Topalov, Veselin","Kramnik, Vladimir",2813,2743,2006.10.02,match,1/2-1/2,D17
451,"Anand, Viswanathan","Topalov, Veselin",2798,2777,2008.09.12,tourn,1/2-1/2,B18
452,"Topalov, Veselin","Kalesis, Nikolaos",2650,2410,1993.??.??,swiss,1-0,B48
453,"Topalov, Veselin","Kasimdzhanov, Rustam",2700,2595,1999.01.18,blitz,0-1,E97
454,"Topalov, Veselin","Ivanchuk, Vassily",2780,2751,2008.03.27,tourn (rapid),1-0,D12
455,"Topalov, Veselin","Caruana, Fabiano",2780,2794,2016.03.24,tourn,1/2-1/2,A33
456,"Topalov, Veselin","Sokolov, Ivan",2455,2570,1991.??.??,,0-1,E15
457,"Topalov, Veselin","Gariginovich Lputian, Smbat",2690,2625,1999.12.03,team,1-0,D31
458,"Topalov, Veselin","Karpov, Anatoly",2725,2760,1997.04.06,tourn,1/2-1/2,B17
459,"Topalov, Veselin","Ivanchuk, Vassily",2702,2709,2000.03.16,tourn (rapid),1-0,B90
460,"Topalov, Veselin","Gasimov, Ilgar",2770,2761,2012.01.17,tourn,1/2-1/2,D16
461,"Vallejo Pons, Francisco","Topalov, Veselin",2697,2752,2012.06.09,match (rapid),1-0,B81
462,"Adams, Michael","Topalov, Veselin",2746,2718,2001.01.18,tourn,1/2-1/2,B51
463,"Sokolov, Ivan","Topalov, Veselin",2666,2769,2007.08.05,rapid,1/2-1/2,D37
464,"Calzetta Ruiz, Monica","Topalov, Veselin",2235,2740,2018.10.26,,0-1,C67
465,"Topalov, Veselin","Druska, Juraj",2752,2311,2012.04.27,swiss,1/2-1/2,A13
466,"Cheparinov, Ivan","Topalov, Veselin",2667,2735,2021.06.27,,*,
467,"Topalov, Veselin","Timman, Jan H",2740,2635,1998.01.17,,1/2-1/2,D43
468,"Topalov, Veselin","Ivanchuk, Vassily",2739,2717,2002.03.23,rapid,1/2-1/2,B04
469,"Mekhitarian, Krikor Sevag","Topalov, Veselin",,,2016.02.??,match,0-1,D79
470,"Nakamura, Hikaru","Topalov, Veselin",2805,2736,2019.05.12,blitz,1-0,
471,"Gelfand, Boris","Topalov, Veselin",,,1998.??.??,blitz,1-0,B40
472,"Kramnik, Vladimir","Topalov, Veselin",2775,2700,1996.03.28,match,1-0,A30
473,"Todorovic, Miodrag","Topalov, Veselin",2470,2460,1992.??.??,,0-1,E60
474,"Topalov, Veselin","Giri, Anish",2761,2782,2016.06.19,tourn (blitz),1-0,A09
475,"So, Wesley","Topalov, Veselin",2772,2736,2019.05.08,blitz,1/2-1/2,
476,"Topalov, Veselin","Morozevich, Alexander",2700,2720,1999.??.??,,0-1,C11
477,"Topalov, Veselin","Svidler, Peter",2757,2735,2005.03.31,,1-0,A20
478,"Topalov, Veselin","Mamedyarov, Shakhriyar",2771,2766,2013.04.28,,1/2-1/2,B19
479,"Markovic, Ivan","Topalov, Veselin",2370,2460,1989.12.31,,1-0,C10
480,"Bulmaga, Ion","Topalov, Veselin",2396,2730,2021.10.29,,1-0,C45
481,"So, Wesley","Topalov, Veselin",2771,2761,2016.08.11,,*,A20
482,"Carlsen, Magnus","Topalov, Veselin",2776,2796,2009.03.22,,1-0,A33
483,"Topalov, Veselin","Kasparov, Garry",2757,2804,2005.03.10,tourn,1-0,B30
484,"Topalov, Veselin","Aronian, Levon",2772,2805,2014.09.03,tourn,1/2-1/2,D37
485,"Topalov, Veselin","Giri, Anish",2780,2793,2016.03.17,tourn,1/2-1/2,E60
486,"Li, Chao b","Topalov, Veselin",2755,2754,2016.04.18,blitz,1-0,E01
487,"Ivanchuk, Vassily","Topalov, Veselin",2730,2750,1996.07.29,tourn,1-0,B85
488,"Topalov, Veselin","Nakamura, Hikaru",2816,2814,2015.08.24,game,1-0,C65
489,"Topalov, Veselin","Svidler, Peter",2791,2727,2008.12.15,tourn,1-0,D87
490,"Topalov, Veselin","Vachier Lagrave, Maxime",2736,2777,2019.11.08,,0-1,E60
491,"Lobron, Eric","Topalov, Veselin",2585,2750,1996.07.06,tourn,0-1,A70
492,"Fedorov, Alexey","Topalov, Veselin",2575,2718,2001.01.27,,1/2-1/2,B72
493,"Carlsen, Magnus","Topalov, Veselin",2853,2816,2015.08.23,tourn,0-1,B51
494,"Topalov, Veselin","Leko, Peter",2788,2763,2005.07.17,,1-0,B33
495,"Short And Justin Baptie, Nigel","Topalov, Veselin",2683,2702,2000.05.17,,0-1,B20
496,"Topalov, Veselin","Cheparinov, Ivan",2767,2696,2008.05.16,tourn,1-0,D90
497,"Topalov, Veselin","Ivanchuk, Vassily",2780,2751,2008.01.13,,1/2-1/2,A65
498,"Topalov, Veselin","Svidler, Peter",2816,2727,2015.09.21,k.o.,1/2-1/2,C84
499,"Topalov, Veselin","Nisipeanu, Liviu Dieter",2801,2693,2006.04.07,match,1-0,D37
500,"Van Wely, Loek","Topalov, Veselin",2655,2788,2005.07.16,tourn,0-1,C02
501,"Morozevich, Alexander","Topalov, Veselin",2732,2735,2004.03.30,,1-0,B90
502,"Topalov, Veselin","Bacrot, Etienne",2801,2717,2006.02.19,,1/2-1/2,C42
503,"Topalov, Veselin","Ivanchuk, Vassily",2769,2763,2012.11.13,match (blitz),0-1,A34
504,"Jussupow, Artur","Topalov, Veselin",2628,2702,2000.06.24,,1/2-1/2,D32
505,"Sadowski, Julian","Topalov, Veselin",2270,2460,1992.??.??,,1/2-1/2,B25
506,"Ehlvest, Jaan","Topalov, Veselin",2660,2750,1996.08.12,,0-1,E92
507,"Topalov, Veselin","Zarcula, Ion",,,1988.07.??,,1-0,D66
508,"Panbukchian, Valentin","Topalov, Veselin",2340,2460,1992.??.??,,1-0,C78
509,"Timman, Jan H","Topalov, Veselin",2635,2630,1995.05.31,,1/2-1/2,B73
510,"Topalov, Veselin","Leko, Peter",2700,2690,1999.??.??,,0-1,C65
511,"Bologan, Victor","Topalov, Veselin",2630,2743,2003.03.04,rapid,1-0,B30
512,"Topalov, Veselin","Franco Ocampos, Zenon",2455,2495,1991.??.??,tourn,1/2-1/2,A70
513,"Svidler, Peter","Topalov, Veselin",2713,2700,1999.03.07,,0-1,B35
514,"Kamsky, Gata","Topalov, Veselin",2763,2767,2013.07.06,tourn,1/2-1/2,E05
515,"Nakamura, Hikaru","Topalov, Veselin",2775,2793,2013.05.29,tourn,1-0,B92
516,"Lobron, Eric","Topalov, Veselin",2570,2725,1997.??.??,,0-1,A26
517,"Topalov, Veselin","Dominguez Perez, Leinier",2740,2739,2019.02.23,match (blitz),1/2-1/2,E20
518,"Topalov, Veselin","Imperatori, K.",2725,,1997.??.??,,1-0,A45
519,"Nisipeanu, Liviu Dieter","Topalov, Veselin",2668,2769,2007.11.04,,1/2-1/2,B90
520,"Nataf, Igor Alexandre","Topalov, Veselin",2546,2739,2002.02.25,tourn,1/2-1/2,C42
521,"San Segundo, Pablo","Topalov, Veselin",2535,2700,1996.??.??,tourn,0-1,E92
522,"Topalov, Veselin","Kasimdzhanov, Rustam",2700,2595,1999.01.18,,0-1,E97
523,"Topalov, Veselin","Andreikin, Dmitry",2752,2700,2012.07.09,blitz,1/2-1/2,A04
524,"Topalov, Veselin","Svidler, Peter",,,2016.08.06,,1-0,
525,"Leko, Peter","Topalov, Veselin",2713,2739,2002.04.05,,1/2-1/2,B80
526,"Topalov, Veselin","Aronian, Levon",2798,2780,2015.06.19,tourn,1-0,D38
527,"Topalov, Veselin","Reinderman, Dimitri",2700,2542,1999.01.25,,1-0,B38
528,"Karpov, Anatoly","Topalov, Veselin",2679,2718,2001.03.25,rapid,0-1,A04
529,"Radjabov, Teimour","Topalov, Veselin",2624,2743,2003.01.14,tourn,0-1,E11
530,"Topalov, Veselin","Romero Holmes, Alfonso",2460,2490,1992.??.??,,1/2-1/2,A51
531,"Morozevich, Alexander","Topalov, Veselin",2758,2771,2013.04.26,tourn,0-1,A33
532,"Topalov, Veselin","Svidler, Peter",2780,2757,2016.03.21,,1/2-1/2,C84
533,"Topalov, Veselin","Andersson, Ulf",,,1997.??.??,,1-0,B46
534,"So, Wesley","Topalov, Veselin",2779,2816,2015.08.31,,1/2-1/2,E46
535,"Aronian, Levon","Topalov, Veselin",2763,2767,2008.05.08,tourn,0-1,A32
536,"Topalov, Veselin","Vachier Lagrave, Maxime",2749,2796,2017.06.25,tourn (rapid),1/2-1/2,A29
537,"Karjakin, Sergey","Topalov, Veselin",2776,2775,2011.03.13,tourn (rapid),1/2-1/2,B12
538,"Topalov, Veselin","Mitkov, Marjan",2751,2331,2012.10.12,team-swiss,1-0,D94
539,"Topalov, Veselin","Aronian, Levon",2785,2830,2014.03.15,tourn,1/2-1/2,C88
540,"Bacrot, Etienne","Topalov, Veselin",2649,2739,2002.02.23,tourn,1/2-1/2,E13
541,"Anand, Viswanathan","Topalov, Veselin",2787,2805,2010.05.09,match,1/2-1/2,A29
542,"Vachier Lagrave, Maxime","Topalov, Veselin",2723,2798,2015.06.18,tourn,0-1,D48
543,"Topalov, Veselin","Caruana, Fabiano",2769,2786,2012.11.07,tourn,1/2-1/2,D90
544,"Topalov, Veselin","Comas Fabrego, Lluis",2690,2510,1999.11.14,,1/2-1/2,B48
545,"Topalov, Veselin","Anand, Viswanathan",2700,2781,1999.03.19,,1-0,B18
546,"Topalov, Veselin","Nakamura, Hikaru",2749,2780,2017.11.12,match (blitz),0-1,D37
547,"Topalov, Veselin","Leko, Peter",2700,2690,1999.??.??,,0-1,C65
548,"Anand, Viswanathan","Topalov, Veselin",2766,2735,2003.11.03,,1-0,B50
549,"Kasparov, Garry","Topalov, Veselin",2831,2735,2004.03.04,tourn,1/2-1/2,C88
550,"Topalov, Veselin","Nakamura, Hikaru",2749,2774,2017.11.09,swiss,1-0,B12
551,"Anand, Viswanathan","Topalov, Veselin",2784,2700,1999.01.18,,1/2-1/2,C09
552,"Shirov, Alexei","Topalov, Veselin",2713,2757,2005.03.24,tourn (rapid),1/2-1/2,C67
553,"Topalov, Veselin","Aronian, Levon",2796,2750,2009.03.26,,1/2-1/2,D43
554,"Shirov, Alexei","Topalov, Veselin",2751,2702,2000.05.19,tourn,1-0,C13
555,"Almasi, Zoltan","Topalov, Veselin",2644,2739,2002.03.19,rapid,0-1,B67
556,"Topalov, Veselin","Karjakin, Sergey",2736,2773,2019.05.09,blitz,1/2-1/2,
557,"Topalov, Veselin","Polgar, Judit",2700,2677,1999.06.30,,1-0,E97
558,"Topalov, Veselin","Zhigalko, Sergei",2791,2592,2008.11.21,team-swiss,1-0,E15
559,"Topalov, Veselin","Svidler, Peter",2768,2755,2011.11.06,team-swiss,1-0,C88
560,"Topalov, Veselin","Vachier Lagrave, Maxime",2754,2788,2016.04.18,tourn (blitz),1-0,B51
561,"Topalov, Veselin","Grivas, Efstratios",2495,2445,1990.??.??,swiss,1/2-1/2,C68
562,"Polgar, Judit","Topalov, Veselin",2709,2767,2008.04.19,rapid,0-1,C92
563,"Anand, Viswanathan","Topalov, Veselin",2735,2750,1996.07.11,tourn,1-0,B85
564,"Kramnik, Vladimir","Topalov, Veselin",2743,2813,2006.10.08,match,1-0,E08
565,"Vitiugov, Nikita","Topalov, Veselin",2691,2751,2012.10.16,team-swiss,1/2-1/2,E35
566,"Topalov, Veselin",Sankalp Gupta,2738,2400,2020.01.21,,1-0,C11
567,"Gurevich, Mikhail","Topalov, Veselin",2656,2735,2003.11.02,k.o. (rapid),1/2-1/2,A36
568,"Topalov, Veselin","Chatalbashev, Boris",2455,2385,1991.??.??,swiss,0-1,D06
569,"Topalov, Veselin","Kramnik, Vladimir",,,1999.??.??,,0-1,A32
570,"Lobron, Eric","Topalov, Veselin",2570,2725,1997.??.??,,0-1,E12
571,"Dominguez Perez, Leinier","Topalov, Veselin",2723,2793,2013.06.03,tourn,1-0,B48
572,"Topalov, Veselin","Kramnik, Vladimir",2700,2750,1999.??.??,,1/2-1/2,C42
573,"Topalov, Veselin","Gelfand, Boris",2718,2712,2001.03.23,rapid,1/2-1/2,A30
574,"Atalik, Suat","Topalov, Veselin",2537,2707,2001.05.14,tourn,0-1,D29
575,"Cheparinov, Ivan","Topalov, Veselin",2696,2767,2008.05.10,tourn,0-1,C11
576,"Topalov, Veselin","T Solomon, Kenneth",2752,2414,2012.09.06,,1-0,E16
577,"Topalov, Veselin","Giri, Anish",2735,2764,2020.12.07,,0-1,D38
578,"Topalov, Veselin","Wojtaszek, Radoslaw",2771,2698,2013.10.25,team-swiss,0-1,B90
579,"Topalov, Veselin","Bareev, Evgeny",,,2000.06.22,match,1-0,D43
580,"Beliavskiy, Artemiy","Topalov, Veselin",2619,2791,2008.11.17,,1/2-1/2,D87
581,"Topalov, Veselin","Morozevich, Alexander",2796,2771,2009.03.17,tourn (rapid),1-0,C93
582,"Topalov, Veselin","Radjabov, Teimour",2813,2757,2009.10.09,tourn,1/2-1/2,E99
583,"Van Wely, Loek","Topalov, Veselin Aleksandrov",2655,2745,1997.08.10,,0-1,
584,"Topalov, Veselin","Lautier, Joel",2630,2655,1995.05.18,,1/2-1/2,B48
585,"Sasikiran, Krishnan","Topalov, Veselin",2681,2803,2010.09.25,team-swiss,1/2-1/2,E04
586,"Karjakin, Sergey","Topalov, Veselin",2781,2749,2017.06.25,tourn (rapid),1/2-1/2,B70
587,"Antipov, Mikhail Al","Topalov, Veselin",2562,2738,2020.01.28,,1/2-1/2,B54
588,"Piket, Jeroen","Topalov, Veselin",2633,2702,2000.03.17,tourn (rapid),1/2-1/2,A70
589,"Topalov, Veselin","Caruana, Fabiano",2816,2808,2015.08.27,tourn,0-1,C65
590,"Kramnik, Vladimir","Topalov, Veselin",2753,2778,2005.05.22,tourn,0-1,B80
591,"Topalov, Veselin","Shakirov, A.",2718,2718,2001.03.18,rapid,1-0,C78
592,"Topalov, Veselin","Laznicka, Viktor",2769,2677,2013.09.19,match,1-0,D24
593,"Bareev, Evgeny","Topalov, Veselin",2635,2460,1992.??.??,rapid,0-1,A80
594,"Topalov, Veselin","Svidler, Peter",2784,2732,2014.09.20,tourn,1-0,C88
595,"Topalov, Veselin","Morozevich, Alexander",2783,2741,2007.02.25,tourn,1-0,C11
596,"Bologan, Victor","Topalov, Veselin",2732,2752,2012.07.06,blitz,1/2-1/2,B30
597,"Anand, Viswanathan","Topalov, Veselin",2786,2757,2005.03.20,tourn (rapid),1-0,C67
598,"Topalov, Veselin","Bjerre Jensen, Jacob",,,1991.??.??,,1-0,B16
599,"Dominguez Perez, Leinier","Topalov, Veselin",2739,2740,2019.02.23,match (blitz),1/2-1/2,C54
600,"Topalov, Veselin","Bologan, Victor",2752,2732,2012.07.09,blitz,1-0,B06
601,"Spraggett, Kevin","Topalov, Veselin",2521,2690,1999.11.12,,0-1,B50
602,"Ivanchuk, Vassily","Topalov, Veselin",2711,2757,2005.03.22,,1-0,E00
603,"Topalov, Veselin","Radjabov, Teimour",2735,2656,2004.02.22,tourn,1/2-1/2,B33
604,"Topalov, Veselin","Lu, Shanglei",2813,2599,2015.09.19,k.o.,1-0,B72
605,"Anand, Viswanathan","Topalov, Veselin",2785,2778,2005.05.12,,1/2-1/2,B80
606,"Topalov, Veselin","Movsesian, Sergei",2737,2647,2004.06.23,k.o.,1-0,B48
607,"Topalov, Veselin","Polgar, Judit",2813,2710,2006.12.07,rapid,1-0,B81
608,"Topalov, Veselin","Dressler, D.",2725,,1997.??.??,,1-0,E92
609,"Granda Zuniga, Julio E","Topalov, Veselin",2550,2455,1991.??.??,,1/2-1/2,E60
610,"Topalov, Veselin","Aronian, Levon",2793,2813,2013.05.07,blitz,0-1,A06
611,"Milov, Vadim","Topalov, Veselin",2606,2745,2002.04.29,k.o. (rapid),1-0,D27
612,"Topalov, Veselin","Grandelius, Nils",2754,2649,2016.04.24,tourn,1-0,C87
613,"Ivanchuk, Vassily","Topalov, Veselin",2729,2801,2006.02.23,,0-1,D15
614,"Ponomariov, Ruslan","Topalov, Veselin",,,1999.??.??,,1/2-1/2,B51
615,"Topalov, Veselin","Carlsen, Magnus",2813,2772,2009.10.05,tourn,1/2-1/2,B33
616,"Caruana, Fabiano","Topalov, Veselin",2783,2772,2014.06.10,,1/2-1/2,B80
617,"Topalov, Veselin","Junior, Lopez",2737,,2004.10.09,,1/2-1/2,B66
618,"Topalov, Veselin","Akopian, Vladimir Eduardovic",2630,2655,1995.03.01,,1-0,C42
619,"Topalov, Veselin","Anand, Viswanathan",2725,2765,1997.04.04,tourn,1/2-1/2,D17
620,"Carlsen, Magnus","Topalov, Veselin",2714,2769,2007.10.20,,1-0,E20
621,"Topalov, Veselin","Piket, Jeroen",2745,2630,1997.12.11,,1/2-1/2,C96
622,"Topalov, Veselin","Shirov, Alexei",2733,2706,2001.11.03,,1/2-1/2,C42
623,"Topalov, Veselin","Illescas Cordoba, Miguel",2645,2590,1994.??.??,,1-0,B33
624,"Topalov, Veselin","Diogo, Vasco Andre Marcalo",2813,2220,2006.12.02,game,0-1,B50
625,"Topalov, Veselin","Dominguez Perez, Leinier",2740,2739,2019.02.24,match (blitz),0-1,A39
626,"Topalov, Veselin","Mamedyarov, Shakhriyar",2813,2728,2006.10.26,,1-0,C95
627,"Topalov, Veselin","Granda Zuniga, Julio E",2650,2605,1993.??.??,,1/2-1/2,B06
628,"Topalov, Veselin","Dominguez Perez, Leinier",2740,2739,2019.02.24,match (blitz),0-1,B07
629,"Aronian, Levon","Topalov, Veselin",2805,2772,2014.08.28,tourn,1-0,D15
630,"Ivanchuk, Vassily","Topalov, Veselin",2709,2702,2000.06.23,,1/2-1/2,A42
631,"Topalov, Veselin","Polgar, Judit",2757,2728,2005.01.26,tourn,0-1,E15
632,"Adams, Michael","Topalov, Veselin",2741,2757,2005.01.18,tourn,1-0,B84
633,"Bacrot, Etienne","Topalov, Veselin",2594,2702,2000.05.24,tourn,0-1,A41
634,"Stangl, Markus","Topalov, Veselin",2435,2475,1990.??.??,,1/2-1/2,A54
635,"Topalov, Veselin","Leko, Peter",2757,2749,2005.03.25,,1-0,E15
636,"Topalov, Veselin","Gazik, Igor",2635,2425,1993.??.??,,1-0,B07
637,"Ponomariov, Ruslan","Topalov, Veselin",2742,2793,2013.05.24,tourn,1/2-1/2,B84
638,"Georgiev, Kiril","Topalov, Veselin",2677,2702,2000.05.21,,1/2-1/2,A33
639,"Van Wely, Loek","Topalov, Veselin",2679,2757,2005.03.30,,1/2-1/2,D39
640,"Topalov, Veselin","Karjakin, Sergey",2780,2732,2008.03.23,tourn (rapid),1-0,D45
641,"Ivanchuk, Vassily","Topalov, Veselin",2735,2700,1996.05.21,tourn,1/2-1/2,B97
642,"Grischuk, Alexander","Topalov, Veselin",2777,2735,2020.12.03,,1/2-1/2,B52
643,"Topalov, Veselin","Carlsen, Magnus",2812,2770,2009.05.19,tourn,1/2-1/2,D56
644,"Topalov, Veselin","Kasparov, Garry",2740,2825,1998.06.11,,1/2-1/2,B90
645,"So, Wesley","Topalov, Veselin",2812,2749,2017.06.24,tourn (rapid),1/2-1/2,D90
646,"Alterman, Boris","Topalov, Veselin",2575,2630,1995.??.??,,1-0,A27
647,"Svidler, Peter","Topalov, Veselin",2753,2772,2014.06.05,tourn,1/2-1/2,B80
648,"Topalov, Veselin","Kramnik, Vladimir",2813,2743,2006.10.10,match,1/2-1/2,D12
649,"Topalov, Veselin","Kamsky, Gata",2796,2725,2009.02.20,match,1/2-1/2,D81
650,"Ulybin, Mikhail","Topalov, Veselin",2585,2460,1992.??.??,,0-1,E97
651,"Yu, Yangyi","Topalov, Veselin",2709,2735,2020.12.07,,1/2-1/2,D19
652,"Topalov, Veselin","Nikolic, Predrag",2740,2635,1998.03.16,tourn (rapid),1/2-1/2,E14
653,"Gelfand, Boris","Topalov, Veselin",2737,2780,2008.03.25,,1/2-1/2,E17
654,"Nakamura, Hikaru","Topalov, Veselin",2780,2749,2017.11.11,match (blitz),0-1,D31
655,"Topalov, Veselin","Nakamura, Hikaru",2760,2779,2016.12.12,swiss,0-1,B12
656,"Topalov, Veselin","Gonzalez, Argentino J",2707,2150,2000.08.19,swiss (rapid),1-0,D36
657,"Topalov, Veselin","Petkov, Vladimir",2774,2570,2013.11.01,tourn (rapid),1-0,D02
658,"Topalov, Veselin","Bacrot, Etienne",2801,2717,2006.01.16,tourn,1-0,C42
659,"Topalov, Veselin","Kasparov, Garry",2725,2795,1997.??.??,,0-1,D35
660,"Topalov, Veselin","Dreev, Aleksey",2707,2676,2000.12.07,k.o.,1-0,D43
661,"Kramnik, Vladimir","Topalov, Veselin",2765,2750,1996.08.16,,1/2-1/2,A24
662,"Caruana, Fabiano","Topalov, Veselin",2801,2772,2014.09.02,tourn,1-0,B46
663,"Topalov, Veselin","Caruana, Fabiano",2749,2808,2017.06.21,tourn (rapid),1-0,C07
664,"Topalov, Veselin","Aronian, Levon",2770,2805,2012.01.22,,1/2-1/2,D37
665,"Topalov, Veselin","Dominguez Perez, Leinier",2740,2739,2019.02.23,match (blitz),1-0,A20
666,"Topalov, Veselin","Carlsen, Magnus",2796,2776,2009.03.22,,1/2-1/2,D37
667,"Ubilava, Elizbar","Topalov, Veselin",2560,2460,1992.??.??,,1-0,A81
668,"Christensen, Tobias","Topalov, Veselin",2300,2455,1991.??.??,,1-0,C01
669,"Antunes, Antonio","Topalov, Veselin",2465,2460,1992.??.??,tourn,1-0,B53
670,"Topalov, Veselin","Karpov, Anatoly",2740,2623,2018.10.25,tourn (rapid),1-0,C92
671,"Svidler, Peter","Topalov, Veselin",2747,2735,2004.01.18,tourn,1-0,B90
672,"Topalov, Veselin","Dominguez Perez, Leinier",2740,2739,2019.02.21,match (rapid),1/2-1/2,C54
673,"Oll, Lembit","Topalov, Veselin",2595,2650,1993.??.??,,1-0,A87
674,"Topalov, Veselin","Van Wely, Loek",2718,2700,2001.03.22,rapid,1-0,C11
675,"Topalov, Veselin","Gelfand, Boris",2702,2692,2000.03.21,tourn (rapid),1-0,B80
676,"Bareev, Evgeny","Topalov, Veselin",2729,2743,2003.03.17,rapid,1-0,D11
677,"Illescas Cordoba, Miguel","Topalov, Veselin",2590,2645,1994.??.??,,1/2-1/2,A39
678,"Gelfand, Boris","Topalov, Veselin",2710,2745,2002.07.10,,1/2-1/2,A33
679,"Topalov, Veselin","Kuczynski, Robert",2635,2525,1993.??.??,,1/2-1/2,D43
680,"Krivoshey, Sergei","Topalov, Veselin",2493,2778,2005.06.04,,1-0,A37
681,"Camarena Jimenez, Rufino","Topalov, Veselin",2332,2769,2007.08.04,rapid,0-1,E90
682,"Ivanchuk, Vassily","Topalov, Veselin",2730,2750,1996.??.??,,1-0,E73
683,"Adams, Michael","Topalov, Veselin",2716,2700,1999.03.03,,1/2-1/2,B90
684,"Topalov, Veselin","Karjakin, Sergey",2736,2773,2019.05.11,blitz,1-0,
685,"Lutz, Christopher","Topalov, Veselin",2650,2745,2002.07.11,tourn,1/2-1/2,C67
686,"Short, Nigel D","Topalov, Veselin",2655,2630,1995.05.29,,1/2-1/2,B22
687,"Topalov, Veselin","Ivanchuk, Vassily",2752,2769,2012.07.09,tourn (blitz),0-1,A80
688,"Topalov, Veselin","Gelfand, Boris",2757,2696,2005.03.29,,1/2-1/2,D17
689,"Topalov, Veselin","Vaganian, Rafael A",2630,2640,1995.06.02,,1-0,C10
690,"Topalov, Veselin","Anand, Viswanathan",2796,2791,2009.??.??,,1/2-1/2,B12
691,"Shakirov, A.","Topalov, Veselin",2751,2702,2000.03.23,rapid,1-0,B90
692,"Topalov, Veselin","Ivanchuk, Vassily",2700,2714,1999.03.26,tourn (rapid),1-0,A17
693,"Topalov, Veselin","Mamedyarov, Shakhriyar",2785,2757,2014.03.22,tourn,1/2-1/2,B90
694,"Topalov, Veselin","Jussupow, Artur",2702,2628,2000.06.22,,1-0,D36
695,"Anand, Viswanathan","Topalov, Veselin",2710,2635,1993.??.??,,1-0,C89
696,"Topalov, Veselin","Carlsen, Magnus",2775,2815,2011.03.20,tourn (rapid),1/2-1/2,C95
697,"Topalov, Veselin","Motylev, Alexander",2783,2647,2007.01.13,tourn,1/2-1/2,D12
698,"Vachier Lagrave, Maxime","Topalov, Veselin",2788,2754,2016.04.28,tourn,1/2-1/2,C67
699,"Short, Nigel D","Topalov, Veselin",2690,2725,1997.06.16,,0-1,B90
700,"Bareev, Evgeny","Topalov, Veselin",2714,2735,2004.03.23,rapid,1/2-1/2,E35
701,"Lakunza Oyarbide, Juan Carlos","Topalov, Veselin",2345,2460,1992.??.??,tourn,0-1,A88
702,"Topalov, Veselin","Leko, Peter",2801,2740,2006.03.23,rapid,0-1,B90
703,"Topalov, Veselin","Sorin, Ariel",,,1992.??.??,,1-0,A54
704,"Jussupow, Artur","Topalov, Veselin",2665,2750,1996.08.11,,1/2-1/2,A58
705,"Gelfand, Boris","Topalov, Veselin",2761,2805,2010.02.16,,1/2-1/2,E06
706,"Topalov, Veselin","Polgar, Judit",2740,2670,1998.01.24,,1/2-1/2,D39
707,"Inkiov, Ventzislav","Topalov, Veselin",2475,2670,1993.??.??,,1/2-1/2,A87
708,"Bacrot, Etienne","Topalov, Veselin",2708,2749,2017.06.24,tourn (rapid),1/2-1/2,B11
709,"Saric, Ivan","Topalov, Veselin",2628,2774,2013.11.02,tourn (rapid),1-0,C89
710,"Topalov, Veselin","Gurevich, Mikhail",2735,2656,2003.11.02,k.o. (rapid),1-0,C10
711,"Topalov, Veselin","Gozzoli, Yannick",2730,2602,2021.10.29,,1-0,C92
712,"Topalov, Veselin","Rauschenbach, Rainer",2725,,1997.??.??,,1-0,B08
713,"Aronian, Levon","Topalov, Veselin",2786,2780,2016.03.23,tourn,1/2-1/2,A29
714,"Topalov, Veselin","Vachier Lagrave, Maxime",2737,2780,2019.12.11,,1/2-1/2,A37
715,"Topalov, Veselin","Caruana, Fabiano",2793,2774,2013.06.02,tourn,0-1,C77
716,"Topalov, Veselin","Dreev, Aleksey",,,1995.??.??,,1-0,C11
717,"Topalov, Veselin","Lautier, Joel",2700,2630,1998.10.30,,0-1,B33
718,"Topalov, Veselin","Ionescu, Constantin",2640,2440,1994.??.??,,0-1,A46
719,"Topalov, Veselin","Morozevich, Alexander",2702,2748,2000.05.18,tourn,1/2-1/2,C13
720,"Topalov, Veselin","Deac, Bogdan Daniel",2739,2572,2017.01.28,swiss,1-0,E04
721,"Topalov, Veselin","Polgar, Judit",2813,2710,2006.12.09,,1/2-1/2,B90
722,"Radjabov, Teimour","Topalov, Veselin",2757,2813,2009.10.01,tourn,1/2-1/2,C45
723,"Timman, Jan H","Topalov, Veselin",2635,2645,1994.??.??,,0-1,E87
724,"Topalov, Veselin","Lu, Shanglei",2816,2599,2015.09.19,,1-0,B92
725,"Sokolov, Ivan","Topalov, Veselin",2670,2813,2006.10.27,,0-1,A43
726,"Georgiev, Kiril","Topalov, Veselin",2610,2520,1992.??.??,,1-0,A57
727,"Polgar, Judit","Topalov, Veselin",2630,2640,1994.??.??,,1-0,C02
728,"Vidarte Morales, Arturo","Topalov, Veselin",,2460,1992.??.??,,1/2-1/2,C42
729,"Karjakin, Sergey","Topalov, Veselin",2766,2785,2014.03.17,tourn,1/2-1/2,A29
730,"Topalov, Veselin","Oluto Adu, Oladapo",,,2015.09.11,k.o.,1-0,D11
731,"Topalov, Veselin","Van Wely, Loek",2702,2646,2000.06.24,,0-1,B81
732,"Shirov, Alexei","Topalov, Veselin",2704,2730,2021.12.17,,1/2-1/2,
733,"Topalov, Veselin","Kasparov, Garry",2735,2831,2004.02.25,tourn,1/2-1/2,D15
734,"Topalov, Veselin","Aronian, Levon",2761,2792,2016.06.12,tourn (blitz),1/2-1/2,A01
735,"Topalov, Veselin","Adams, Michael",2735,2725,2003.10.24,rapid,1-0,C96
736,"Topalov, Veselin","Eljanov, Pavel",2754,2765,2016.04.18,tourn (blitz),1/2-1/2,A11
737,"Svidler, Peter","Topalov, Veselin",2753,2772,2014.06.02,tourn (blitz),1-0,A20
738,"Topalov, Veselin","Kocsis, Janos",2460,2265,1989.??.??,,1-0,D85
739,"Ludvig Hammer, Jon","Topalov, Veselin",2677,2798,2015.06.15,,0-1,C03
740,"Leko, Peter","Topalov, Veselin",2740,2801,2006.02.26,tourn,1/2-1/2,B80
741,"Nepomniachtchi, Ian","Topalov, Veselin",2776,2736,2019.05.11,blitz,1/2-1/2,
742,"Topalov, Veselin","Polgar, Judit",2750,2665,1996.08.10,,1/2-1/2,B80
743,"Topalov, Veselin","Guerra Reig, Juan",2777,2078,2008.08.02,swiss (rapid),1-0,C00
744,"Nakamura, Hikaru","Topalov, Veselin",2780,2749,2017.11.12,match (blitz),1-0,E14
745,"Topalov, Veselin","Romero Holmes, Alfonso",2635,2210,1993.??.??,,1-0,B78
746,"Kamsky, Gata","Topalov, Veselin",2725,2796,2009.02.21,,1-0,C92
747,"Topalov, Veselin","Haba, Petr",2635,2485,1993.??.??,,1/2-1/2,B48
748,"Topalov, Veselin","Ponomariov, Ruslan",2735,2718,2003.06.08,,0-1,C18
749,"Van Wely, Loek","Topalov, Veselin",2681,2780,2008.03.26,tourn (rapid),1/2-1/2,E15
750,"Short, Nigel D","Topalov, Veselin",2690,2725,1997.04.02,,0-1,B23
751,"Ehlvest, Jaan","Topalov, Veselin",2615,2630,1995.05.27,,1/2-1/2,E01
752,"Bareev, Evgeny","Topalov, Veselin",2679,2700,1999.05.19,tourn,1-0,E32
753,"Topalov, Veselin","Ivanchuk, Vassily",2700,2714,1999.03.09,,0-1,A30
754,"Ehlvest, Jaan","Topalov, Veselin",2630,2670,1995.??.??,tourn,1/2-1/2,A46
755,"Topalov, Veselin","Gulko, Boris",2640,2615,1994.??.??,,1-0,C18
756,"Aronian, Levon","Topalov, Veselin",2739,2780,2008.03.22,,1-0,D45
757,"Topalov, Veselin","Kramnik, Vladimir",2750,2765,1996.07.14,tourn,1/2-1/2,D44
758,"Carlsen, Magnus","Topalov, Veselin",2772,2813,2009.09.29,tourn,1-0,E90
759,"Topalov, Veselin","Gulko, Boris",,,1994.??.??,,1/2-1/2,B14
760,"Topalov, Veselin","Ivanchuk, Vassily",2793,2755,2013.05.25,tourn,1-0,B51
761,"Gelfand, Boris","Topalov, Veselin",,,2012.09.22,,1/2-1/2,D37
762,"Gomez Esteban, Juan Mario","Topalov, Veselin",2425,2460,1992.??.??,,0-1,A57
763,"Topalov, Veselin","Dominguez Perez, Leinier",2740,2739,2019.02.24,match (blitz),0-1,E92
764,"Pandavos, Emanouel","Topalov, Veselin",2370,2495,1990.??.??,swiss,1/2-1/2,C09
765,"Topalov, Veselin","Morozevich, Alexander",2700,2723,1999.05.26,tourn,0-1,C11
766,"Topalov, Veselin","Georgiev, Kiril",2707,2661,2000.12.04,k.o.,1/2-1/2,E94
767,"Tiviakov, Sergei","Topalov, Veselin",2640,2645,1994.??.??,swiss,1-0,B70
768,"Topalov, Veselin","Anand, Viswanathan",2700,2725,1996.01.27,,1-0,B86
769,"Topalov, Veselin","Ding, Liren",2740,2812,2019.04.08,tourn,0-1,E32
770,"Radjabov, Teimour","Topalov, Veselin",2745,2793,2013.05.07,tourn (blitz),1-0,A22
771,"Kortschnoj, Viktor Lvovich","Topalov, Veselin",2615,2455,1991.??.??,,1-0,A30
772,"Topalov, Veselin","Kasparov, Garry",2740,2825,1998.06.12,,0-1,B33
773,"Vachier Lagrave, Maxime","Topalov, Veselin",2765,2803,2015.12.06,swiss,1-0,B90
774,"Topalov, Veselin","Anand, Viswanathan",2711,2794,2001.07.14,swiss,1-0,C10
775,"Anand, Viswanathan","Topalov, Veselin",,,2016.08.13,,1/2-1/2,C67
776,"Topalov, Veselin","So, Wesley",2761,2770,2016.06.18,tourn (rapid),0-1,A10
777,"Topalov, Veselin","Matamoros Franco, Carlos S",2803,2542,2010.09.27,team,1-0,E92
778,"Topalov, Veselin","Karpov, Anatoly",,,1997.??.??,,0-1,A45
779,"Topalov, Veselin","Schoebel, Klaus",2725,,1997.??.??,,1-0,B12
780,"Radjabov, Teimour","Topalov, Veselin",2729,2783,2007.01.28,tourn,1/2-1/2,E08
781,"Topalov, Veselin","Ponomariov, Ruslan",2757,2700,2005.01.15,tourn,1-0,B48
782,"Topalov, Veselin","Harikrishna, Pentala",2769,2668,2007.10.17,team,1/2-1/2,C09
783,"Vachier Lagrave, Maxime","Topalov, Veselin",2686,2752,2012.08.30,team-swiss,1-0,E68
784,"Topalov, Veselin","Illescas Cordoba, Miguel",2630,2595,1995.??.??,,1-0,B33
785,"Topalov, Veselin","Wang, Yue",2767,2705,2013.07.14,tourn,1/2-1/2,D17
786,"Caruana, Fabiano","Topalov, Veselin",2772,2771,2013.04.29,tourn,0-1,B90
787,"Topalov, Veselin","Karpov, Anatoly",2750,2775,1996.12.11,,1/2-1/2,D27
788,"Topalov, Veselin","Gasimov, Ilgar",2775,2746,2011.03.18,tourn (rapid),1/2-1/2,A41
789,"Topalov, Veselin","Carlsen, Magnus",2761,2855,2016.06.11,tourn (blitz),1/2-1/2,C84
790,"Anand, Viswanathan","Topalov, Veselin",2787,2805,2010.04.25,match,1-0,E04
791,"Topalov, Veselin","Nakamura, Hikaru",2761,2787,2016.06.17,tourn (rapid),1-0,C54
792,"Adams, Michael","Topalov, Veselin",2715,2702,2000.06.25,,1-0,B51
793,"Topalov, Veselin","Fressinet, Laurent",2739,2591,2002.02.24,,1/2-1/2,C92
794,"Sznapik, Aleksander","Topalov, Veselin",,,1993.??.??,,0-1,C92
795,"Topalov, Veselin","Beliavsky, Alexander G",2630,2650,1995.03.10,,1-0,B07
796,"Radjabov, Teimour","Topalov, Veselin",2735,2780,2008.02.16,tourn,1/2-1/2,C67
797,"Morozevich, Alexander","Topalov, Veselin",2742,2739,2002.03.17,rapid,1/2-1/2,B22
798,"Topalov, Veselin","Kramnik, Vladimir",,,1994.??.??,,1-0,B56
799,"Topalov, Veselin","Hernandez Guerrero, Gilberto",2690,2568,1999.11.09,,1/2-1/2,E94
800,"Topalov, Veselin","Kasimdzhanov, Rustam",2757,2678,2005.03.08,tourn,1-0,D37
801,"Topalov, Veselin","Nakamura, Hikaru",2761,2787,2016.06.19,tourn (blitz),1/2-1/2,A14
802,"Popov, Petar","Topalov, Veselin",2375,2395,1989.??.??,tourn,0-1,A53
803,"Topalov, Veselin","Kramnik, Vladimir",2750,2765,1996.12.17,tourn,1-0,E92
804,"Topalov, Veselin","Karjakin, Sergey",2735,2562,2003.11.27,,1-0,B90
805,"Mamedyarov, Shakhriyar","Topalov, Veselin",2726,2752,2012.07.06,tourn (rapid),0-1,D80
806,"Topalov, Veselin","Rabiega, Robert",2702,2477,2000.06.25,,1-0,D07
807,"Vachier Lagrave, Maxime","Topalov, Veselin",2804,2760,2016.12.11,,1/2-1/2,C67
808,"Dominguez Perez, Leinier","Topalov, Veselin",2739,2740,2019.02.24,match (blitz),1/2-1/2,B23
809,"Karpov, Anatoly","Topalov, Veselin",2725,2635,1993.??.??,,1/2-1/2,E81
810,"Topalov, Veselin","Aronian, Levon",2772,2815,2014.06.13,tourn,1/2-1/2,C65
811,"Topalov, Veselin","Polgar, Judit",2700,2675,1996.??.??,,1-0,B84
812,"Topalov, Veselin","Gelfand, Boris",2735,2709,2004.03.27,,1/2-1/2,E15
813,"Topalov, Veselin","Vachier Lagrave, Maxime",2736,2792,2019.05.11,blitz,1-0,
814,"Timman, Jan H","Topalov, Veselin",2595,2670,1995.??.??,tourn,1/2-1/2,A48
815,"Topalov, Veselin","Franco Ocampos, Zenon",2460,2510,1992.??.??,,1-0,B61
816,"Topalov, Veselin","Leko, Peter",2771,2744,2013.04.19,tourn,1-0,D38
817,"Topalov, Veselin","Beliavsky, Alexander G",2640,2650,1994.??.??,,1-0,A34
818,"Donchev, Dimitar I","Topalov, Veselin",2505,2395,1989.??.??,tourn,1-0,C04
819,"Topalov, Veselin","Nakamura, Hikaru",2749,2785,2017.06.24,tourn (rapid),1/2-1/2,A18
820,"Ivanchuk, Vassily","Topalov, Veselin",2763,2769,2012.11.13,tourn,1/2-1/2,D47
821,"Kasparov, Garry","Topalov, Veselin",,,1998.06.11,,1-0,E64
822,"Topalov, Veselin","Sanchez Jerez, Emilio Miguel",,,2015.01.27,,1-0,E63
823,"Nalbandian, Tigran","Topalov, Veselin",2485,2650,1993.??.??,swiss,1-0,A80
824,"Topalov, Veselin","Svidler, Peter",2700,2713,1999.04.10,tourn,1/2-1/2,A16
825,"Kramnik, Vladimir","Topalov, Veselin",2790,2740,1998.??.??,,1/2-1/2,D85
826,"Mamedyarov, Shakhriyar","Topalov, Veselin",2760,2780,2008.03.18,,0-1,B18
827,"Karpov, Anatoly","Topalov, Veselin",2760,2725,1997.??.??,,1/2-1/2,D46
828,"Topalov, Veselin","Rapport, Richard",2735,2759,2020.12.05,,1/2-1/2,C67
829,"Topalov, Veselin","Pollmann, Helge",2725,,1997.??.??,,1-0,D06
830,"Novkovic, Milan","Topalov, Veselin",2380,2495,1990.??.??,,1/2-1/2,A87
831,"Istratescu, Andrei","Topalov, Veselin",2470,2635,1993.??.??,,1/2-1/2,C05
832,"Topalov, Veselin","Wang, Hao",2793,2743,2013.05.14,tourn,1/2-1/2,D27
833,"Van Wely, Loek","Topalov, Veselin",2605,2740,1998.??.??,,0-1,A70
834,"Le, Quang Liem","Topalov, Veselin",2693,2752,2012.07.10,blitz,0-1,E60
835,"Topalov, Veselin","Barcelo Pujadas, Pedro Jose",2460,,1992.??.??,,1/2-1/2,C02
836,"Topalov, Veselin","Kramnik, Vladimir",2670,2730,1995.??.??,,0-1,B57
837,"Topalov, Veselin","Short, Nigel D",2670,2645,1995.??.??,,1-0,C88
838,"Topalov, Veselin","Silva, Cassius Alexandre D",,,2016.02.??,match,1/2-1/2,D00
839,"Leko, Peter","Topalov, Veselin",2753,2780,2008.02.23,tourn,0-1,B80
840,"Topalov, Veselin","Greet, Andrew N",2752,2449,2012.04.29,simul,0-1,A04
841,"Morozevich, Alexander","Topalov, Veselin",2765,2780,2008.03.16,tourn (rapid),1-0,D31
842,"Topalov, Veselin","Leko, Peter",2780,2753,2008.03.06,tourn,1-0,C88
843,"Dominguez Perez, Leinier","Topalov, Veselin",2717,2812,2009.05.21,tourn,1/2-1/2,B81
844,"Topalov, Veselin","Bareev, Evgeny",2757,2709,2005.03.27,tourn (rapid),1/2-1/2,D45
845,"Anand, Viswanathan","Topalov, Veselin",2715,2640,1994.??.??,,0-1,B70
846,"Vescovi, Giovanni","Topalov, Veselin",2585,2733,2001.11.30,,1/2-1/2,C42
847,"Ponomariov, Ruslan","Topalov, Veselin",2718,2735,2003.10.26,rapid,1/2-1/2,C91
848,"Topalov, Veselin","Kramnik, Vladimir",2630,2715,1995.06.04,tourn,1/2-1/2,B65
849,"Topalov, Veselin","Boyd, Stephen",,,1992.??.??,,1-0,E86
850,"Ponomariov, Ruslan","Topalov, Veselin",2705,2769,2007.11.07,,1/2-1/2,E97
851,"Nisipeanu, Liviu Dieter","Topalov, Veselin",2693,2772,2007.05.15,tourn,0-1,B90
852,"Topalov, Veselin","Rublevsky, Sergei",2702,2662,2000.06.22,,1/2-1/2,D02
853,"Adams, Michael","Topalov, Veselin",2660,2640,1994.??.??,,1/2-1/2,B22
854,"Topalov, Veselin","Bareev, Evgeny",2743,2729,2003.03.17,rapid,1-0,C11
855,"Topalov, Veselin","Sulskis, Sarunas",2769,2527,2007.10.28,,1/2-1/2,B19
856,"Huebner, Robert","Topalov, Veselin",2615,2707,2000.11.08,,1/2-1/2,A43
857,"Kramnik, Vladimir","Topalov, Veselin",2743,2813,2006.10.05,match,0-1,D47
858,"Topalov, Veselin","Dreev, Aleksey",2707,2676,2000.12.08,k.o.,1-0,B19
859,"Leko, Peter","Topalov, Veselin",2740,2801,2006.03.23,tourn (rapid),1/2-1/2,B90
860,"Shirov, Alexei","Topalov, Veselin",2690,2725,1997.??.??,,1/2-1/2,C68
861,"Topalov, Veselin","Kasimdzhanov, Rustam",2737,2652,2004.07.02,k.o.,1/2-1/2,B41
862,"Topalov, Veselin","Adams, Michael",2725,2665,1997.02.16,tourn,1/2-1/2,A34
863,"Flear, Glenn C","Topalov, Veselin",2495,2460,1992.??.??,,1/2-1/2,D97
864,"Topalov, Veselin","Rozentalis, Eduardas",2690,2586,1999.11.29,team,1-0,A18
865,"Topalov, Veselin","Antunes, Antonio",,,1992.??.??,,1/2-1/2,
866,"Svidler, Peter","Topalov, Veselin",2713,2700,1999.01.17,,1/2-1/2,B35
867,"Shirov, Alexei","Topalov, Veselin",2690,2700,1996.05.25,tourn,1/2-1/2,B76
868,"Topalov, Veselin","Gelfand, Boris",2780,2737,2008.03.25,,1/2-1/2,E01
869,"Topalov, Veselin","Van Wely, Loek",2743,2668,2003.??.??,,1-0,A04
870,"Anand, Viswanathan","Topalov, Veselin",2799,2780,2008.03.17,tourn (rapid),1/2-1/2,B19
871,"Anand, Viswanathan","Topalov, Veselin",2783,2793,2013.05.10,tourn,1-0,B90
872,"Ivanchuk, Vassily","Topalov, Veselin",2719,2707,2000.11.07,team-swiss,1/2-1/2,A63
873,"Kasimdzhanov, Rustam","Topalov, Veselin",2670,2788,2005.10.13,,1/2-1/2,C67
874,"Topalov, Veselin","Timman, Jan H",2700,2620,1996.03.27,match,1-0,B12
875,"Topalov, Veselin","Radjabov, Teimour",2780,2735,2008.02.29,tourn,1/2-1/2,C63
876,"Movsesian, Sergei","Topalov, Veselin",2723,2803,2010.10.01,team-swiss,1-0,B51
877,"Topalov, Veselin","Atanasov, Petko",2455,2370,1991.??.??,swiss,1/2-1/2,D35
878,"Huebner, Robert","Topalov, Veselin",2580,2745,1997.07.04,tourn,1/2-1/2,D77
879,"Christiansen, Larry","Topalov, Veselin",2620,2635,1993.??.??,,1/2-1/2,E01
880,"Portisch, Lajos","Topalov, Veselin",2580,2635,1993.??.??,,1/2-1/2,D45
